-- phpMyAdmin SQL Dump
-- version 5.2.1
-- https://www.phpmyadmin.net/
--
-- Host: localhost
-- Generation Time: Oct 15, 2024 at 11:25 AM
-- Server version: 10.4.28-MariaDB
-- PHP Version: 8.2.4

SET SQL_MODE = "NO_AUTO_VALUE_ON_ZERO";
START TRANSACTION;
SET time_zone = "+00:00";


/*!40101 SET @OLD_CHARACTER_SET_CLIENT=@@CHARACTER_SET_CLIENT */;
/*!40101 SET @OLD_CHARACTER_SET_RESULTS=@@CHARACTER_SET_RESULTS */;
/*!40101 SET @OLD_COLLATION_CONNECTION=@@COLLATION_CONNECTION */;
/*!40101 SET NAMES utf8mb4 */;

--
-- Database: `ailtk_db`
--

-- --------------------------------------------------------

--
-- Table structure for table `products_beans`
--

CREATE TABLE `products_beans` (
  `products_beans_id` bigint(20) NOT NULL,
  `name` text DEFAULT NULL,
  `roast_id` bigint(20) DEFAULT NULL,
  `roaster_id` bigint(20) DEFAULT NULL,
  `origin_id` bigint(20) DEFAULT NULL
) ENGINE=InnoDB DEFAULT CHARSET=utf8mb4 COLLATE=utf8mb4_general_ci;

--
-- Dumping data for table `products_beans`
--

INSERT INTO `products_beans` (`products_beans_id`, `name`, `roast_id`, `roaster_id`, `origin_id`) VALUES
(0, '“Sweety” Espresso Blend', 0, 0, 0),
(1, 'Flora Blend Espresso', 0, 0, 1),
(2, 'Ethiopia Shakiso Mormora', 0, 1, 2),
(3, 'Ethiopia Suke Quto', 0, 2, 2),
(4, 'Ethiopia Gedeb Halo Beriti', 1, 3, 3),
(5, 'Ethiopia Kayon Mountain', 2, 4, 4),
(6, 'Ethiopia Gelgelu Natural Organic', 0, 5, 5),
(7, 'Ethiopia Hambela Alaka', 0, 6, 6),
(8, 'Organic Ethiopia Kirite', 0, 7, 7),
(9, 'Ethiopia Sidama', 1, 8, 8),
(10, 'Thiriku AA Kenya', 1, 9, 9),
(11, 'Ethiopia Natural Yirgacheffe Tore', 0, 10, 10),
(12, 'Direct Fair Trade Espresso', 0, 11, 1),
(13, 'Decaf Ethiopia Sidamo', 1, 12, 8),
(14, 'Ethiopia Yirgacheffe Washed G1', 0, 0, 5),
(15, 'Ethiopia Yirgacheffe Natural G1', 0, 0, 5),
(16, '“Fruity” Espresso Blend', 0, 0, 11),
(17, 'Decaf Colombia Select', 0, 13, 12),
(18, 'Ethiopia Awassa', 0, 14, 13),
(19, '100% Kona SL-28', 0, 15, 14),
(20, 'Kenya Kirinyaga Mukangu AB', 0, 10, 15),
(21, 'Kenya Nyeri Othaya Gatugi Red Cherry Project AA', 3, 16, 16),
(22, 'Ethiopia Washed Yirgacheffe Adado', 0, 10, 5),
(23, 'Outbound Espresso', 0, 17, 17),
(24, 'Ace Espresso', 0, 17, 17),
(25, 'Kenya Mutungati', 0, 17, 18),
(26, 'Guatemala El Retiro del Quisaya', 2, 18, 19),
(27, 'Kenya Peaberry Kericho County', 0, 19, 20),
(28, 'Static El Salvador Finca Maria Luisa', 0, 20, 21),
(29, 'Kamwangi Kenya', 0, 21, 22),
(30, 'Ethiopia Gelana Abaya', 0, 3, 5),
(31, 'Ethiopia Bishan Fugu', 2, 22, 7),
(32, 'Sustainable Harvest Homacho Waeno Natural', 2, 23, 23),
(33, 'Ethiopia Amaro Gayo Natural', 0, 24, 5),
(34, 'Static Colombia Decaf Midnight', 1, 20, 24),
(35, 'Diima #9 Ethiopia Natural', 0, 2, 5),
(36, 'Sweet Holiday Blend', 0, 4, 11),
(37, 'DR Congo Virunga Organic', 0, 25, 25),
(38, 'Holiday Blend', 2, 26, 11),
(39, 'Kenya Thaitu', 0, 27, 26),
(40, 'Yule Blend 2018', 0, 28, 15),
(41, 'Los Congos Pacamara Honey', 2, 29, 27),
(42, 'Coffea Diversa Costa Rica Sudan Rume', 0, 30, 28),
(43, 'Ethiopia Banko Gotiti Natural G1', 2, 31, 29),
(44, 'Panama Auromar Geisha Natural', 0, 5, 30),
(45, 'El Salvador Finca Kilimanjaro', 0, 32, 31),
(46, 'Panama Elida Green Tip Gesha Natural', 0, 33, 32),
(47, 'Gikanda Kenya', 0, 34, 33),
(48, 'Panama Don Julian Pacamara', 0, 5, 34),
(49, '100% Kona Bourbon Pointu Laurina', 0, 15, 14),
(50, 'Kenya AB Muchoki', 0, 35, 16),
(51, 'Colombia Nariño Duende', 0, 14, 35),
(52, 'Geisha Panama Santamaria Natural', 0, 36, 36),
(53, 'Estate Medium Roast', 0, 37, 37),
(54, 'Ethiopia Holy Grail Natural Yirgacheffe', 1, 38, 5),
(55, 'Kenya Karinga', 0, 39, 38),
(56, 'Thailand Doi Pangkhon Espresso', 1, 14, 39),
(57, 'Ulos Batak Sumatra', 0, 34, 40),
(58, 'Gaitania Colombia', 2, 34, 41),
(59, 'Blue Label La Esmeralda Porton Pascua Gesha', 0, 9, 32),
(60, 'Auromar Gesha Natural', 2, 9, 30),
(61, 'Haraz Special Red Yemen', 2, 9, 42),
(62, '“Naturals”', 0, 40, 43),
(63, 'Finca Merced Guatemala', 2, 18, 44),
(64, 'El Peñon Nicaragua', 2, 41, 45),
(65, 'Kenya Chorongi Peaberry', 0, 25, 46),
(66, 'Honduras Los Catadores Honey', 0, 10, 47),
(67, 'Static Kenya Kavutiri', 0, 20, 48),
(68, 'Honduras La Lesquinada Washed', 0, 10, 49),
(69, 'Kenya Gicherori', 0, 42, 48),
(70, 'Ethiopia Yirgacheffe', 1, 43, 5),
(71, 'Bufcafe Rwanda Espresso', 0, 34, 50),
(72, 'Bufcafe Rwanda', 2, 34, 50),
(73, 'Gedeb Ethiopia', 0, 34, 3),
(74, 'Civet Yirgacheffe Sisota', 0, 44, 51),
(75, 'Civet Ethiopia Papilio Sidamo', 0, 44, 51),
(76, 'Estate Carbonic Maceration', 0, 37, 37),
(77, 'Ethiopia Banko Gotiti', 2, 4, 29),
(78, 'Colombia David Gomez 100% Caturra', 2, 45, 52),
(79, 'Panama Auromar Estate Geisha Peaberry', 0, 32, 30),
(80, 'Indonesia Emerald Mandheling', 0, 0, 53),
(81, 'Panama Finca Hartmann Geisha Natural', 2, 46, 54),
(82, 'Ethiopia Reko Estate Yirgacheffe', 0, 46, 5),
(83, 'Costa Rica Sonora Estate Venecia Natural', 0, 46, 55),
(84, 'Mini-Me Washed Kaffa Forest', 3, 38, 5),
(85, 'Jade Espresso', 0, 47, 56),
(86, 'Firebird Espresso', 0, 48, 57),
(87, 'Ethiopia Dumerso Light Roast', 1, 42, 5),
(88, 'Kenya AA Karamundi', 0, 1, 16),
(89, 'Finca San Luis Colombia Espresso', 0, 18, 58),
(90, 'Ethiopia Biftu Gundina Coop Espresso', 3, 10, 59),
(91, 'Ethiopia Natural Sidamo Papilio', 2, 10, 60),
(92, 'Ethiopia Banko Gotiti Natural', 2, 10, 5),
(93, 'Peru Finca Ecológica Agua Colorada', 2, 4, 61),
(94, 'Love Letters', 0, 32, 62),
(95, 'Throwback Blend', 0, 1, 12),
(96, 'Costa Coast Blend', 0, 2, 63),
(97, 'Canoe Blend', 0, 49, 64),
(98, 'Dead Reckoning', 0, 50, 65),
(99, 'Miami Winter', 0, 51, 66),
(100, 'Wilderness Blend', 2, 10, 11),
(101, 'Naturals With Attitude', 0, 46, 0),
(102, 'Guatemala Retiro Natural Process', 0, 52, 19),
(103, 'Gaitania Colombia', 0, 34, 67),
(104, 'Rwanda Remera Kabeza', 1, 52, 68),
(105, 'Dodora Double', 2, 41, 69),
(106, 'Poas Red Honey', 0, 41, 70),
(107, 'Lekali (Nepal)', 1, 41, 71),
(108, 'Costa Rica Tarrazu', 0, 19, 72),
(109, 'Decaf Espresso', 0, 16, 73),
(110, 'Summer Night Blend Espresso', 0, 10, 65),
(111, 'Ethiopia Reko', 0, 53, 5),
(112, 'Sumatra Tano Batak', 1, 16, 74),
(113, 'Kenya Kirinyaga', 2, 54, 15),
(114, 'Ethiopia', 0, 55, 8),
(115, 'Ethiopia Guji Deri Korcha White Honey', 2, 10, 2),
(116, 'Congo Kivu', 3, 56, 75),
(117, 'Three Queens Blend', 0, 57, 11),
(118, 'Sumatra Mutu Batak', 1, 35, 74),
(119, 'Rwanda Bufcafe Remera', 1, 58, 68),
(120, 'Kiniyota Burundi', 0, 34, 76),
(121, 'Kona Mocca®', 1, 15, 14),
(122, 'Ethiopia Suke Quto Honey', 0, 14, 2),
(123, 'Ethiopia Worka Natural', 0, 4, 5),
(124, 'Ecuador Pichincha Typica', 0, 14, 77),
(125, 'Kenya Ndnunduri', 0, 59, 48),
(126, 'Ethiopia Gedeb Gotiti', 2, 60, 3),
(127, 'Yemen Port of Mokha Al-Durrar', 0, 33, 78),
(128, 'Sumatra Tano Batak', 0, 28, 74),
(129, 'Sumatra Tano Batak', 0, 9, 74),
(130, 'Kenya Gura AA', 0, 61, 9),
(131, 'Finca La Maria Geisha Natural', 0, 32, 79),
(132, 'Ethiopia Guji Gigessa', 2, 62, 2),
(133, 'Granja La Esperanza Sudan Rume Natural', 1, 9, 80),
(134, 'Gedeb Espresso', 0, 34, 3),
(135, 'Gaitania Espresso', 0, 34, 67),
(136, 'Indonesia Flores Island', 2, 31, 81),
(137, 'Panama Baru Geisha Honey by Joseph', 0, 10, 32),
(138, 'Ethiopia Sidamo Shakiso Danbi Uddo Mulish Natural G1', 0, 63, 60),
(139, 'Panama Baru Geisha Natural by Joseph', 0, 10, 32),
(140, 'Static Indonesia Toarco Sulawesi', 0, 20, 82),
(141, 'Burundi Buhorwa', 0, 54, 83),
(142, 'Warrior in the Forest Blend', 0, 26, 11),
(143, 'COE Brazil Naturals 2017 Sitio Esperanza 7th place', 0, 29, 84),
(144, 'Icamiabas Fazenda Klem Catuaí Natural', 0, 64, 85),
(145, 'Brazil Chapada Diamantina Fazenda Floresta', 0, 65, 86),
(146, 'Tumba Rwanda', 2, 50, 87),
(147, 'Mandheling Onan Ganjang', 0, 10, 74),
(148, 'Burundi Nemba', 0, 39, 88),
(149, 'Static Peru Cajamarca', 0, 20, 73);

-- --------------------------------------------------------

--
-- Table structure for table `products_beans_origins`
--

CREATE TABLE `products_beans_origins` (
  `origin_id` bigint(20) NOT NULL,
  `origin` text DEFAULT NULL
) ENGINE=InnoDB DEFAULT CHARSET=utf8mb4 COLLATE=utf8mb4_general_ci;

--
-- Dumping data for table `products_beans_origins`
--

INSERT INTO `products_beans_origins` (`origin_id`, `origin`) VALUES
(0, 'Panama'),
(1, 'Africa'),
(2, 'Guji Zone'),
(3, 'Gedeb District'),
(4, 'Odo Shakiso District'),
(5, 'Yirgacheffe Growing Region'),
(6, 'Hambela Wamena District'),
(7, 'Hambela District'),
(8, 'Sidama (Also Sidamo) Growing Region'),
(9, 'Central Kenya'),
(10, 'Tore Village'),
(11, 'Ethiopia'),
(12, 'Colombia'),
(13, 'Yirgacheffe'),
(14, 'Holualoa'),
(15, 'Kirinyaga District'),
(16, 'Nyeri Growing Region'),
(17, 'Mexico'),
(18, 'Nakuru Province'),
(19, 'San Martin Jilotepeque'),
(20, 'Kericho County'),
(21, 'Santa Rosa'),
(22, 'Gichugu Division'),
(23, 'Aleta Wondo'),
(24, 'Huila'),
(25, 'Kirumba'),
(26, 'Nakuru County'),
(27, 'Nueva Segovia Growing Region'),
(28, 'Biolley'),
(29, 'Kochere'),
(30, 'Piedra Candela'),
(31, 'Santa Ana Department'),
(32, 'Boquete Growing Region'),
(33, 'South-Central Kenya'),
(34, 'Horcheta'),
(35, 'Narino Department'),
(36, 'Paso Ancho'),
(37, 'Ka\'U Growing Region'),
(38, 'Gatundu'),
(39, 'Doi Pangkhon Growing Region'),
(40, 'Northern Sumatra'),
(41, 'Southern Tolima Department'),
(42, 'Haraz Growing Region'),
(43, 'Captain Cook'),
(44, 'Chimaltenango Department'),
(45, 'Jinotega'),
(46, 'Mukaro'),
(47, 'Marcala Growing Region'),
(48, 'Kiambu County'),
(49, 'Copan'),
(50, 'Nyamagabe District'),
(51, 'Sidamo Growing Region'),
(52, 'Huila Department'),
(53, 'Gayo (Also Aceh) Growing Region'),
(54, 'Chiriqui Province'),
(55, 'Central Valley'),
(56, 'Brazil And Four Other Origins'),
(57, 'Brazil'),
(58, 'Tolima Department'),
(59, 'Agaro District'),
(60, 'Sidamo (Also Sidama) Growing Region'),
(61, 'Cajamarca'),
(62, 'El Salvador'),
(63, 'Costa Rica'),
(64, 'Central America'),
(65, 'Guatemala'),
(66, 'Kenya'),
(67, 'Gaitania'),
(68, 'Gikongoro Prefecture'),
(69, 'Gedeo Zone'),
(70, 'Sabanilla De Alajuela'),
(71, 'Bhirkune Village'),
(72, 'Tarrazu Growing Region'),
(73, 'Peru'),
(74, 'Lintong Growing Region'),
(75, 'Kahale'),
(76, 'Buhinyuza District'),
(77, 'Pichincha Growing Region'),
(78, 'Al-Durrar'),
(79, 'Cundinamarca Department'),
(80, 'Valle Del Cauca Growing Region'),
(81, 'Flores Island'),
(82, 'Toraja Growing Region'),
(83, 'Northern Burundi'),
(84, 'Mantiqueira De Minas Growing Region'),
(85, 'Matas De Minas Growing Region'),
(86, 'Chapada Diamantina Growing Region'),
(87, 'Rwanda'),
(88, 'Kayanza'),
(89, 'Ethopia'),
(90, 'Yemen'),
(91, 'Monteverde'),
(92, 'Kalehe'),
(93, 'Gitega Province'),
(94, 'Chalatenango Growing Region'),
(95, 'Burundi'),
(96, 'Nariño Department'),
(97, 'Carmo De Minas Growing Region'),
(98, 'Southern Minas Gerais State'),
(99, 'Sul De Minas Growing Region'),
(100, 'Minas Gerais State'),
(101, 'Ethiopia Natural Yirgacheffe Adado Shara'),
(102, 'Embu County'),
(103, 'Kayanza Province'),
(104, 'Nyamasheke'),
(105, 'Gakenke District'),
(106, 'Kapchorwa District'),
(107, 'Tarime District'),
(108, 'Zambia'),
(109, 'São Sebastião Da Grama'),
(110, 'Sabanilla De Alajuela Growing Region'),
(111, 'Shakiso District'),
(112, 'Central Yemen'),
(113, 'West Guji Zone'),
(114, 'Huehuetenango Department'),
(115, 'Cajamarca Region'),
(116, 'Murang\'A County'),
(117, 'Palencia'),
(118, 'Huehuetenango Growing Region'),
(119, 'Antoquia'),
(120, 'Bita Genet District'),
(121, 'San Agustín Growing Region'),
(122, 'Acatenango Growing Region'),
(123, 'Bahia'),
(124, 'Limu Woreda'),
(125, 'Huehuetenango'),
(126, 'Metapan'),
(127, 'Planadas'),
(128, 'Horqueta'),
(129, 'Bench-Maji Zone'),
(130, 'Oromia Region'),
(131, 'Thika Growing Region'),
(132, 'El Boquerón Growing Region'),
(133, 'Lake Amatitlán Area'),
(134, 'Buhoma'),
(135, 'Llano Bonito'),
(136, 'Antioquia'),
(137, 'Antigua Growing Region'),
(138, 'La Providencia'),
(139, 'Acatenango'),
(140, 'Matagalpa Growing Region'),
(141, 'Apaneca'),
(142, 'Alto Quiel'),
(143, 'Jaramillo'),
(144, 'Santander'),
(145, 'Santa Ana Region'),
(146, 'Jimma Zone'),
(147, 'Poás Volcano Region'),
(148, 'Jutiapa Department'),
(149, 'Alaka District'),
(150, 'São Sebastião De Grama'),
(151, 'Aceh Growing Region'),
(152, 'Chalatenango'),
(153, 'Northern Thailand'),
(154, 'Santa Bárbara'),
(155, 'South America'),
(156, 'Caldas Department'),
(157, 'Rustiro District'),
(158, 'Arusha Region'),
(159, 'Chinchipe'),
(160, 'Pichincha Province'),
(161, 'Pasco Growing Region'),
(162, 'Satipo Province'),
(163, 'Jaén Province'),
(164, 'Caranavi Province'),
(165, 'Rulindo'),
(166, 'Region Concepción Huista'),
(167, 'Mara Growing Region'),
(168, 'Bench Maji Zone'),
(169, 'Kirinyaga County'),
(170, 'Palestina Region'),
(171, 'Campos Alto District'),
(172, 'Harar (Also Harrar) Growing Region Of Eastern Ethiopia'),
(173, 'Kona Growing District'),
(174, 'San Ignacio Province'),
(175, 'Loja Province'),
(176, 'Utcubamba Province'),
(177, 'Muranga District'),
(178, 'Sabah State'),
(179, 'Salgar Municipality'),
(180, 'South Kivu Province'),
(181, 'Nyamasheke District'),
(182, 'Simalungun Regency'),
(183, 'Puna District'),
(184, 'Kona District'),
(185, 'Kula'),
(186, 'Kealakekua'),
(187, 'Bani Matar Growing Region'),
(188, 'San Augustin'),
(189, 'Caldas Growing Region'),
(190, 'Kiambu Growing Region'),
(191, 'Ibicoara Municipality'),
(192, 'Coto Brus'),
(193, 'Bururi Growing Region'),
(194, 'Congo'),
(195, 'Northern Province'),
(196, 'Kalaheo'),
(197, 'Oaxaca State'),
(198, 'Sandy Bay Valley'),
(199, 'Belis'),
(200, 'Kochere Woreda'),
(201, 'Eastern Highlands'),
(202, 'Asia'),
(203, 'Tecapa Chinameca Growing Region'),
(204, 'La Palma'),
(205, 'Chalatenango Department'),
(206, 'Chiriqui Growing Region'),
(207, 'Alto Jaramillo'),
(208, 'Neira'),
(209, 'San Cristobal'),
(210, 'Cusco Department'),
(211, 'La Libertad'),
(212, 'Valle De Cauca'),
(213, 'La Mesa'),
(214, 'Tarrazu'),
(215, 'Sidamo (Also Sidama)'),
(216, 'Cauca'),
(217, 'Brunca'),
(218, 'Thika Plateau'),
(219, 'Muranga County'),
(220, 'Jamaica'),
(221, 'Jimma Growing Region'),
(222, 'Yeri Growing Region'),
(223, 'Mandheling Growing Region'),
(224, 'Santa Rosa Growing Region'),
(225, 'Buyenzi'),
(226, 'Indonesia'),
(227, 'Oromia'),
(228, 'Volcan'),
(229, 'Kibugu Village'),
(230, 'Antigua'),
(231, 'Chimaltenango'),
(232, 'Cerro El Tigre'),
(233, 'Puna'),
(234, 'Nensebo Woreda'),
(235, 'Dolores'),
(236, 'Kona'),
(237, 'Nicaragua'),
(238, 'Sumatra'),
(239, 'Madagascar'),
(240, 'Sololá'),
(241, 'Santa Elena'),
(242, 'Boquete'),
(243, 'Apaneca-Ilamatepec Mountain Range'),
(244, 'Karatu'),
(245, 'Sidama (Also Sidamo) Region'),
(246, 'Ngiriambu District'),
(247, 'Cajamarca Growing Region'),
(248, 'Iambu Growing Region'),
(249, 'Quiché'),
(250, 'Kona Growing Region'),
(251, 'Junin'),
(252, 'El Socorro'),
(253, 'Motozintla De Mendoza'),
(254, 'Sidama Growing Region'),
(255, 'Gakenke'),
(256, 'Lake Kivu'),
(257, 'Kiambi County'),
(258, 'Musasa'),
(259, 'Murutra'),
(260, 'Ka’U Growing Region'),
(261, 'Namasheke District'),
(262, 'Al-Haimah'),
(263, 'Quilanga'),
(264, 'Vale De Grama'),
(265, 'South Kivu'),
(266, 'Boneza'),
(267, 'Ka’U'),
(268, 'Pitalito'),
(269, 'South Kona Growing Region'),
(270, 'Idamo (Also Sidama) Growing Region'),
(271, 'Bungoma'),
(272, 'Pinchincha'),
(273, 'Nariño'),
(274, 'Agaro Gera'),
(275, 'Jambi Province'),
(276, 'North Kona Growing District'),
(277, 'Bali'),
(278, 'Biollet'),
(279, 'Caranavi'),
(280, 'Aceh Province'),
(281, 'Huabal'),
(282, 'El Diamante'),
(283, 'Paéz'),
(284, 'Pantan Musara'),
(285, 'Alishan'),
(286, 'Inza'),
(287, 'San Jose'),
(288, 'Ipanema'),
(289, 'Tobosi'),
(290, 'Yunnan Province'),
(291, 'Kirinyaga'),
(292, 'Acevedo'),
(293, 'Central Rwanda'),
(294, 'Ahuachapan'),
(295, 'Volcano'),
(296, 'Nueva Segovia'),
(297, 'Tolima'),
(298, 'Isla Santa Cruz And Isla San Cristóbal'),
(299, 'Kwazulu-Natal Province'),
(300, 'Antioquia Department'),
(301, 'Worka Chelbessa'),
(302, 'Wood Valley'),
(303, 'Ngozi Province'),
(304, 'Suaza'),
(305, 'Dipilto'),
(306, 'Ka\'U Growing District'),
(307, 'Kisii'),
(308, 'Mbeya'),
(309, 'Bungoma Region'),
(310, 'Thiotte'),
(311, 'Sevilla'),
(312, 'Embu'),
(313, 'Aceh'),
(314, 'Chiapas'),
(315, 'Las Flores'),
(316, 'Santa Barbara'),
(317, 'Illubabor Zone'),
(318, 'Santa Maria De Dota'),
(319, 'Purosa Village'),
(320, 'Canton De Desamparados'),
(321, 'Matagalpa'),
(322, 'Bella Vista'),
(323, 'Chaguites'),
(324, 'Alotepec-Metapan Region'),
(325, 'Honduras'),
(326, 'Taiwan'),
(327, 'Doi Pangkhon'),
(328, 'Buenos Aires'),
(329, 'Oaxaca'),
(330, 'Chiriqui'),
(331, 'Bombe Mountains'),
(332, 'Corquin'),
(333, 'Nyeri County'),
(334, 'Fraijanes Growing Region'),
(335, 'Suchitan'),
(336, 'Puna Growing Region'),
(337, 'Cundinamarca'),
(338, 'Nueva Suiza'),
(339, 'Djimma'),
(340, 'Cobán Growing Region'),
(341, 'Songwe Region'),
(342, 'Naranjo'),
(343, 'Central Province'),
(344, 'Arbegona'),
(345, 'Gedeo'),
(346, 'Pasco Department'),
(347, 'La Paz'),
(348, 'Jarabacoa'),
(349, 'Omkoi District'),
(350, 'Veracruz'),
(351, 'Marcala'),
(352, 'Los Planes'),
(353, 'Keramo Village'),
(354, 'Villa Rica'),
(355, 'Llayla District'),
(356, 'Western Highlands Province'),
(357, 'Taitung Luan Mountain'),
(358, 'Tha Sae'),
(359, 'Columbia'),
(360, 'Sun Moon Lake'),
(361, 'Chirinos'),
(362, 'Central Plateau'),
(363, 'San Cristobal Acasaguastlán'),
(364, 'Quindío Department'),
(365, 'San José'),
(366, 'Conganama'),
(367, 'Liboriana Valley'),
(368, 'Panchia'),
(369, 'Tres Cruces'),
(370, 'Volcan Growing Region'),
(371, 'Alajuela'),
(372, 'Ka\'U District'),
(373, 'Kainaliu'),
(374, 'Chito'),
(375, 'Los Naranjos'),
(376, 'Chinas'),
(377, 'Yautepec/Miahuatlan'),
(378, 'Fraijanes Plateau'),
(379, 'San Cristobal Cucho'),
(380, 'San Ignacio'),
(381, 'Chiang Rai Province'),
(382, 'Canton Lomas De San Marcelino'),
(383, 'Antón Montañita'),
(384, 'Oromia Growing Region'),
(385, 'Puno'),
(386, 'Yunlin'),
(387, 'La Fundadora'),
(388, 'Papua New Guinea'),
(389, 'Haiti'),
(390, 'Muhanga District'),
(391, 'Wenango District'),
(392, 'Cerrado Growing Region'),
(393, 'Huai Mae Liam'),
(394, 'Risaralda Department'),
(395, 'Cusco'),
(396, 'Ainantu District'),
(397, 'Kainantu District'),
(398, 'Haraaz Growing Region'),
(399, 'Congonama'),
(400, 'Algeciras'),
(401, 'Caicedo'),
(402, 'Cauca Department'),
(403, 'Kerinci Highlands'),
(404, 'Atitlán Growing Region'),
(405, 'Bebesen District'),
(406, 'Amhara Region'),
(407, 'El Soccoro'),
(408, 'Sipi Falls'),
(409, 'Trujillo'),
(410, 'Nariño Region'),
(411, 'Paez Region'),
(412, 'Huye District'),
(413, 'Renacimiento District'),
(414, 'El Guarco'),
(415, 'Coban'),
(416, 'Caldas'),
(417, 'Banz'),
(418, 'Nan Province'),
(419, 'Chiapas State'),
(420, 'Los Angeles'),
(421, 'Hayisa Village'),
(422, 'Caicedonia'),
(423, 'Pasto'),
(424, 'Yirgachefffe Growing Region'),
(425, 'Rutsiro'),
(426, 'Gerbicho Rogicha'),
(427, 'Mount Kenya Growing Region'),
(428, 'Risaralda'),
(429, 'Urrao'),
(430, 'Western Highlands'),
(431, 'Sidamo Zone'),
(432, 'South Kivu Growing Region'),
(433, 'Ngorongoro Crater Region'),
(434, 'Gakenke Growing Region'),
(435, 'Kayanza State'),
(436, 'Nyaruguru District'),
(437, 'Ngorogoro'),
(438, 'Sidama Zone'),
(439, 'Uraga District'),
(440, 'Rosario De Desamparados'),
(441, 'Finca Santa Teresa'),
(442, 'Pitalito-Bruselas'),
(443, 'Blue Mountain Growing Region'),
(444, 'San Isidro'),
(445, 'Sana’A Growing Region'),
(446, 'Santander Department'),
(447, 'Rutsiro District'),
(448, 'Jaen'),
(449, 'Copey District'),
(450, 'Ochere Woreda'),
(451, 'Vereda'),
(452, 'Kabiufa'),
(453, 'Aratoca'),
(454, 'Savane Zombie'),
(455, 'Ngorongoro'),
(456, 'Valle Del Cauca Department'),
(457, 'Sa’Dah Governorate'),
(458, 'Fraijanes'),
(459, 'Lake Amatitlán Region'),
(460, 'Acatenango Valley'),
(461, 'Santa Elena Province'),
(462, 'Ngila Estate'),
(463, 'Pluma Hidalgo'),
(464, 'Karongi District'),
(465, 'Chiriquí'),
(466, 'Vale Da Grama'),
(467, 'San Juan La Laguna'),
(468, 'El Progresso'),
(469, 'Banti Nenga'),
(470, 'Dalat'),
(471, 'Calzontes Arriba'),
(472, 'Al Hayma Region'),
(473, 'Al Mahjr'),
(474, 'Al Wadi Region'),
(475, 'Jabal Haraz'),
(476, 'Bani Matar'),
(477, 'Al Hayma District'),
(478, 'Sana’A Governorate'),
(479, 'Siguatepeque'),
(480, 'Sama'),
(481, 'Uraga'),
(482, 'Mathira West District'),
(483, 'Java'),
(484, 'Lourdes De Naranjo'),
(485, 'Worka-Sakaro'),
(486, 'Chelchele'),
(487, 'Hambela Wamena'),
(488, 'Sierra Madre'),
(489, 'Kurtistown'),
(490, 'San Augustín'),
(491, 'La Argentina'),
(492, 'Bolivia'),
(493, 'Hambela Dimtu'),
(494, 'San Vito'),
(495, 'Llano Bonito De Narajo'),
(496, 'Bona Zuria'),
(497, 'Sidama Region'),
(498, 'Cañas Verdes'),
(499, 'Tierras Altas'),
(500, 'Potrerillo Arriba'),
(501, 'Jurutungo'),
(502, 'Benguet'),
(503, 'Concepción Huista'),
(504, 'Alotenango'),
(505, 'Cobán'),
(506, 'El Progresso Department'),
(507, 'Huila Colombia'),
(508, 'Al Mashtal Ul Burhani'),
(509, 'Hayma Dakhiliya Growing Region'),
(510, 'Dondon'),
(511, 'Simalungun'),
(512, 'Brunca Region'),
(513, 'Ocotepeque Department'),
(514, 'Konga Village'),
(515, 'New Oriente Growing Region'),
(516, 'Cantón El Tunel'),
(517, 'Apaneca Ilamatepec Mountain Range'),
(518, 'Piendamó'),
(519, 'Jinotega Department'),
(520, 'Tanzania'),
(521, 'Pallatanga'),
(522, 'Lintongnihuta'),
(523, 'Gunung Tujuh'),
(524, 'India'),
(525, 'La Piedra De Rivas'),
(526, 'Junín Province'),
(527, 'Huehuetenengo Department'),
(528, 'Villa Rica District'),
(529, 'San Jose De Minas'),
(530, 'Mount Kerinci Highlands'),
(531, 'Americas'),
(532, 'Latin America'),
(533, 'Amaybamba'),
(534, 'Buesaco'),
(535, 'Maunawili Growing Region'),
(536, 'Yautepec'),
(537, 'Kebele Buku Sayisa'),
(538, 'Nyakibanda'),
(539, 'Ka‘Ū'),
(540, 'Upper Waghi Valley'),
(541, 'Western Province'),
(542, 'Haraaz'),
(543, 'Pematang Purba'),
(544, 'Brunca Growing Region'),
(545, 'Sharqi'),
(546, 'Santo Antônio Do Amparo'),
(547, 'Serra Da Mantiqueira'),
(548, 'Cerrado Mineiro'),
(549, 'Alto Caparaó'),
(550, 'Chapada Diamantina Region'),
(551, 'Campestre'),
(552, 'Mogiana Growing Region'),
(553, 'Quindio Department'),
(554, 'Atok'),
(555, 'Quito'),
(556, 'Pacaybamba Growing Region'),
(557, 'San Lorenzo'),
(558, 'Volcán Growing Region'),
(559, 'Giraldo'),
(560, 'Rivas District'),
(561, 'Santa Barbara Department'),
(562, 'Mbozi'),
(563, 'Benguet Province'),
(564, 'Tarrazú Growing Region'),
(565, 'Pitalito Municipality'),
(566, 'Chiriquí Province'),
(567, 'Carrillos Alto De Poás'),
(568, 'Dota'),
(569, 'Mercedes Sur'),
(570, 'Ibarra'),
(571, 'Ka‘Ū Growing Region'),
(572, 'West Valley'),
(573, 'Los Santos'),
(574, 'Apaneca-Ilamatepec Growing Region'),
(575, 'Monte Verde'),
(576, 'Pitalito Growing Region'),
(577, 'Djimmah'),
(578, 'Cau Dat'),
(579, 'Vereda Santa Rita'),
(580, 'San José De Minas'),
(581, 'Cusco Province'),
(582, 'Coatepec'),
(583, 'La Union'),
(584, 'La Coipa'),
(585, 'Kochere District'),
(586, 'Mirado Village'),
(587, 'Bombe Village'),
(588, 'Nyarita'),
(589, 'La Cañada'),
(590, 'Karundu'),
(591, 'Huarango'),
(592, 'Dominican Republic'),
(593, 'Cap Haitien'),
(594, 'Pingtung'),
(595, 'Thailand'),
(596, 'Lam Dong Province'),
(597, 'Muhanga'),
(598, 'Guerrero State'),
(599, 'Los Altos'),
(600, 'Las Margaritas'),
(601, 'Cusco Region'),
(602, 'La Dalia'),
(603, 'Alishan Township'),
(604, 'Djimma Growing Region'),
(605, 'Masaguara'),
(606, 'Tarrazú'),
(607, 'Pijao'),
(608, 'Armenia'),
(609, 'Saraguro'),
(610, 'Tojquia'),
(611, 'Villa Canales'),
(612, 'San Lucas Tolimán'),
(613, 'Lake Atitlán Growing Region');

-- --------------------------------------------------------

--
-- Table structure for table `products_beans_reviews`
--

CREATE TABLE `products_beans_reviews` (
  `products_beans_review_id` bigint(20) NOT NULL,
  `products_beans_id` bigint(20) DEFAULT NULL,
  `rating` bigint(20) DEFAULT NULL,
  `review_date` datetime DEFAULT NULL,
  `description` text DEFAULT NULL
) ENGINE=InnoDB DEFAULT CHARSET=utf8mb4 COLLATE=utf8mb4_general_ci;

--
-- Dumping data for table `products_beans_reviews`
--

INSERT INTO `products_beans_reviews` (`products_beans_review_id`, `products_beans_id`, `rating`, `review_date`, `description`) VALUES
(0, 0, 95, '2024-11-17 00:00:00', 'Evaluated as espresso. Sweet-toned, deeply rich, chocolaty. Vanilla paste, dark chocolate, narcissus, pink grapefruit zest, black cherry in aroma and cup. Plush, syrupy mouthfeel; resonant, flavor-saturated finish. In three parts milk, rich chocolate tones intensify, along with intimations of vanilla paste and black cherry in the short finish and floral-toned citrus zest in the long. '),
(1, 1, 94, '2024-11-17 00:00:00', 'Evaluated as espresso. Sweetly tart, floral-toned. Honeysuckle, oak, dried apricot, dark chocolate, thyme in aroma and small cup. Delicately syrupy body; gently drying, floral-driven finish in the short and sweetly herb-toned in the long. In three parts milk, chocolate, florals and fruit all take center stage, and thyme-like herb notes gently follow.'),
(2, 2, 92, '2024-11-17 00:00:00', 'Crisply sweet, cocoa-toned. Lemon blossom, roasted cacao nib, date, rice candy, white peppercorn in aroma and cup. Savory-tart structure; delicate, silky mouthfeel. The richly drying finish leads with cocoa-toned, crisply sweet floral notes in the short and a hint of spice (white peppercorn) in the long.'),
(3, 3, 92, '2024-11-17 00:00:00', 'Delicate, sweetly spice-toned. Pink peppercorn, date, myrrh, lavender, roasted cacao nib in aroma and cup. Crisp, spice-toned structure with citrus-like acidity; satiny, very smooth mouthfeel. The crisply sweet finish centers around spice and pungent floral notes.'),
(4, 4, 94, '2024-11-17 00:00:00', 'Deeply sweet, subtly pungent. Honey, pear, tangerine zest, dark chocolate, pistachio in aroma and cup. Sweet and juicy yet crisp in structure (think ripe pear); plush and buoyant in mouthfeel. Resonant and flavor saturated in the short finish; simplifies around hints of tangerine and pistachio in the long.'),
(5, 5, 93, '2024-11-17 00:00:00', 'Delicate, richly and sweetly tart. Dried hibiscus, fine musk, almond, sandalwood, raspberry in aroma and cup. Fruit-toned, deeply sweet structure with gently-expressed acidity; buoyant, satiny-smooth mouthfeel. The crisp, flavor-saturated finish is characterized by sweet-tart fruit and floral tones (raspberry, hibiscus).'),
(6, 6, 93, '2024-11-17 00:00:00', 'High-toned, floral. Dried apricot, magnolia, almond butter, maple syrup, cherry brandy in aroma and cup. Crisp, sweetly-tart in structure; plush, syrupy mouthfeel. Notes of magnolia and dried apricot dominate in the flavor-laden short finish, with hints of almond butter and fruit brandy in the long.'),
(7, 7, 93, '2024-11-17 00:00:00', 'Very delicate, sweetly savory. Lemon verbena, allspice, dried persimmon, dogwood, baker’s chocolate in aroma and cup. Balanced, sweet-savory structure; velvety-smooth mouthfeel. The sweetly herb-toned finish centers on notes of lemon verbena and dried persimmon wrapped in baker’s chocolate.'),
(8, 8, 93, '2024-11-17 00:00:00', 'High-toned, crisply sweet. Lemon blossom, apricot, frankincense, spearmint, roasted cacao nib in aroma and cup. Balanced, complete sweet-savory structure; satiny, full mouthfeel. Sweet spearmint notes carry the cocoa-toned finish, with hints of lemon blossom and apricot.'),
(9, 9, 94, '2024-11-17 00:00:00', 'Balanced, sweet-savory. Red currant, roasted cacao nib, clove, blood orange zest, frankincense in aroma and cup. Savory-sweet structure with lively acidity; syrupy mouthfeel. The resonant, spice-toned finish leads with intimations of clove and roasted cacao nib in the short, rounding to rich fruit tones with hints of frankincense in the long.'),
(10, 10, 95, '2024-11-17 00:00:00', 'Intense; deep, spice-complicated sweetness. Black currant, baker’s chocolate, peppercorn medley, black sage, a hint of lush lily in aroma and cup. Balanced and lively in structure: sweetly tart with a savory edge. Plush, silky mouthfeel. Chocolate moves forward in a resonant, long, lively finish.'),
(11, 11, 93, '2024-11-17 00:00:00', 'Deeply crisp, lushly floral. Rose, almond, dark chocolate, lime zest, peppermint in aroma and cup. Tartly sweet with a clear savory edge in structure; plump, juicy mouthfeel. Finish is complex and resonant in the short, consolidating around a fading lime and mint in the long. '),
(12, 12, 92, '2024-11-17 00:00:00', 'Evaluated as espresso. Intrigungly complex, balanced. Dark chocolate, molasses, cedar, narcissus, date in aroma and small cup. Satiny-smooth body; sweetly cocoa-toned finish. In three parts milk, floral and cocoa tones lead in the short, while hints of rich date resurface in the long.'),
(13, 13, 90, '2024-11-17 00:00:00', 'Surprising and melodic, delicate yet vivid. Lilac and lemon blossom, fresh sweet grass, honey, moist pipe tobacco, fresh-cut elm in aroma and cup. In structure subtly and sweetly tart. Very light, silky mouthfeel. Unexpectedly rich and flavor-saturated in the finish: pipe tobacco, honey, lemon blossom.'),
(14, 14, 92, '2024-11-17 00:00:00', 'Delicate, gently tart, spice-toned. Pomegranate, cocoa powder, lemon blossom, white peppercorn, hazelnut in aroma and cup. Lively, quietly complex structure; crisp, buoyant mouthfeel. The finish leads with gently drying notes of hazelnut and white peppercorn in the short and segues to cocoa-toned citrus blossoms in the long. '),
(15, 15, 91, '2024-11-17 00:00:00', 'Rich, sweet-toned, balanced. Nougat, pink peppercorn, lemongrass, roasted cacao nib, tea rose in aroma and cup. Floral-toned, bittersweet structure; delicate, satiny mouthfeel. Notes of aromatic wood and spice-toned florals carry the gently drying finish.'),
(16, 16, 95, '2024-11-17 00:00:00', 'Evaluated as espresso. Subtle and enveloping, richly sweet-toned. Jasmine, roasted cacao nib, passionfruit, sandalwood, nougat in aroma and small cup.  Delicate, silky mouthfeel; cocoa- and sandalwood-toned finish with notes of passionfruit carrying into the long. In three parts milk, passionfruit and jasmine harmonize with cocoa and a pleasing aromatic wood.'),
(17, 17, 87, '2024-11-17 00:00:00', 'Sweet, delicate, floral and wood-toned. Fresh-cut fir, demerara sugar, orange zest, faint rose-like flowers in aroma and cup. Gently bittersweet structure; very lightly syrupy mouthfeel. Flavor consolidates but persists in a round, sweet-toned finish.'),
(18, 18, 93, '2024-11-17 00:00:00', 'Crisply sweet, multi-faceted. Candied violet, dark chocolate, pungent juniper wood, grapefruit zest, mango in aroma and cup. Sweetly tart structure with juicy acidity; satiny mouthfeel. The resonant finish centers around mango and violet in the short and dark chocolate in the long, with a hint of aromatic wood.'),
(19, 19, 97, '2024-11-17 00:00:00', 'Spectacularly sweet and hugely aromatic. Meyer lemon marmalade, cedar, pistachio, guava, jasmine in aroma and cup. Crisply sweet/tart and massively juicy in structure; plush, buoyant mouthfeel. The juicy structure and complex aromatics persist in a long, lingering finish.   '),
(20, 20, 95, '2024-11-17 00:00:00', 'Crisply sweet-savory. Lavender, roasted cacao nib, strawberry guava, hazelnut, toasted barley in aroma and cup. Sweetly floral structure with savory undertones; crisp, velvety mouthfeel. The cocoa-toned finish leads with spicy florals and tropical fruit in the short, grounded by pleasing notes of toasted barley in the long.'),
(21, 21, 92, '2024-11-17 00:00:00', 'Sweetly pungent, gently roasty. Scorched cedar, dark chocolate, plum, lavender, lime zest in aroma and cup. Complex in structure: sweetly tart with a roasty, savory depth. Light, satiny mouthfeel. Lemon zest, dark chocolate, plum carry into a rich though drying finish.'),
(22, 22, 95, '2024-11-17 00:00:00', 'Elegant, deep, sweetly savory. Jasmine, sandalwood, plum, nutella-like nut and cocoa, tangerine zest in aroma and cup. High-toned, balanced structure with citrusy acidity; syrupy-smooth mouthfeel. The finish is long, resonant and flavor-saturated, carrying through on the promise of the cup.'),
(23, 23, 93, '2024-11-17 00:00:00', 'Evaluated as espresso. Balanced, deeply and sweetly pungent. Honeysuckle, cashew, baker’s chocolate, cedar, caramel in aroma and small cup. Satiny mouthfeel; crisp, resonant finish that leads with baker’s chocolate in the short, rounding to nut-toned florals in the long. In three-parts milk, full and expressive of cashew butter, baker’s chocolate and honeysuckle. '),
(24, 24, 94, '2024-11-17 00:00:00', 'Evaluated as espresso. Floral-toned, lively. Black currant, narcissus, sandalwood, roasted cacao nib, molasses in aroma and small cup. Syrupy, buoyant mouthfeel; gently drying, flavor-saturated finish centered around notes of black currant and narcissus. In three parts milk, centered on narcissus-like florals with cocoa tones and black currant just underneath, with hints of sandalwood resurfacing as well.'),
(25, 25, 94, '2024-11-17 00:00:00', 'Bright, richly sweet, complex. Red currant, lilac, dark chocolate, lime zest, redwood in aroma and cup. Sweetly savory in structure, with juicy acidity; plush, syrupy mouthfeel. The balanced finish is resonant with notes of red currant and dark chocolate, with hints of lime zest. '),
(26, 26, 93, '2024-11-17 00:00:00', 'Delicately sweet and balanced with a subtle hint of fermented fruit. Peach, sweet chocolate, sandalwood, honeysuckle, almond in aroma and cup. Gently and sweetly bright in structure; light yet satiny in mouthfeel. Quiet but resonantly long finish: peach, chocolate, almond.'),
(27, 27, 92, '2024-11-17 00:00:00', 'Sweetly pungent, lightly savory. Unusual aromatics: floral-toned honey, plum, musk, a hint of coriander in aroma and cup. Crisply sweet, savory-edged structure; lightly syrupy mouthfeel. Dry and gently flavor-saturated in the finish.'),
(28, 28, 89, '2024-11-17 00:00:00', 'Brisk and subtly layered. Almond butter, dried apricot, fresh-cut fir, hints of dark chocolate and clover in aroma and cup. Sweetly brisk and dry in structure; lightly syrupy mouthfeel. The drying structure sweetens and smoothes a bit in the finish, and chocolate and clover-like flowers move forward.'),
(29, 29, 93, '2024-11-17 00:00:00', 'Deeply and pungently sweet-tart. Lavender, grapefruit zest, sandalwood, blackberry, a hint of baker’s chocolate in aroma and cup. Simultaneously brightly tart and deeply savory in structure. Lightly syrupy, plush mouthfeel. Grapefruit zest and blackberry carry into a crisply resonant finish.'),
(30, 30, 92, '2024-11-17 00:00:00', 'Sweet, spice-toned, pungent. Hazelnut, cocoa, ripe cantaloupe, tangerine zest, a hint of cinnamon in aroma and cup. Complexly structured: very sweet, gently tart, slightly bitterish. Syrupy and full in mouthfeel. Cocoa and tangerine carry into a deep, long finish.'),
(31, 31, 93, '2024-11-17 00:00:00', 'Delicate, sweetly tart. Strawberry, caramel, musk, cocoa butter, magnolia in aroma and cup. Quietly tart-leaning structure with sweet undertones; plush, syrupy body. The perfumy, almost musk-like finish is characterized by tart fruit notes in the short and cocoa butter in the long.'),
(32, 32, 93, '2024-11-17 00:00:00', 'Deeply and richly sweet-savory. Orange marmalade, pipe tobacco, dried fig, dark chocolate, freesia-like flowers in aroma and cup. Bright, sweetly-tart in structure with zesty acidity; delicately satiny mouthfeel. Notes of richly savory pipe tobacco lead in the finish, paired with dried fig in the short and orange marmalade in the long.'),
(33, 33, 92, '2024-11-17 00:00:00', 'Deeply sweet, fruit- and cocoa-toned. Baker’s chocolate, dried coconut, tea rose, almond, cedar in aroma and cup. Fruit-toned structure with round, gentle acidity; crisp though syrupy mouthfeel. The spice-toned finish suggests homemade fruitcake, with notes of dried fruit, nuts and warming spices. '),
(34, 34, 89, '2024-12-17 00:00:00', 'Deeply sweet, chocolate-toned. Dark chocolate, Brazil nut, gardenia, baked apple, cedar in aroma and cup. Roundly sweet in structure; lean, lightly syrupy body. The gently drying finish is characterized by notes of dark chocolate throughout, supported by gardenia and apple tones in the short and cedar in the long. '),
(35, 35, 93, '2024-12-17 00:00:00', 'Richly sweet, fruit-toned. Dried strawberry, dark chocolate, freesia-like flowers, tangerine zest, a hint of aged rum in aroma and cup. Sweetly round in structure; syrupy mouthfeel. The finish is crisply and richly drying with lingering hints of aged rum enveloped by dark chocolate. '),
(36, 36, 93, '2024-12-17 00:00:00', 'Richly sweet, spice-toned. Baker’s chocolate, tangerine zest, clove, date, sandalwood in aroma and cup. High-toned, sweetly tart in structure; plush and syrupy in mouthfeel. The finish centers around cocoa-toned clove notes and deeply sweet fruit in the short, aromatic sandalwood in the long.'),
(37, 37, 93, '2024-12-17 00:00:00', 'Deeply sweet-savory, uniquely pungent. Ripe tomato, pink peppercorn, lantana-like flowers, blood orange zest, fresh pipe tobacco in aroma and cup. Savory-leaning, richly sweet in structure; plush and syrupy in mouthfeel. The finish is equal parts sweet and savory. Notes of citrus zest and lantana linger in the short and rich pipe tobacco in the long, while ripe tomato resonates throughout.'),
(38, 38, 93, '2024-12-17 00:00:00', 'Crisply sweet-tart, high-toned. Lemon verbena, cedar, pomegranate, lavender, maple syrup in aroma and cup. Sweetly tart in structure with bright, juicy acidity. The finish is deep and rich, with sweet, lemony herb tones, tart fruit notes, and hints of aromatic wood.'),
(39, 39, 95, '2024-12-17 00:00:00', 'Intensely sweet, intricately rich. Pink grapefruit zest, blackberry, fresh pipe tobacco, lavender, baker’s chocolate in aroma and cup. Balanced, sweet-savory structure; crisp, satiny, buoyant mouthfeel. The resonant finish leads with notes of berry and citrus zest in the short, rounding to chocolate in the long, with spicy florals throughout.'),
(40, 40, 94, '2024-12-17 00:00:00', 'Crisp, sweet-savory. Mulberry, pink peppercorn, maple syrup, gardenia, cedar in aroma and cup. Crisply sweet-savory in structure; viscous, velvety mouthfeel. The rich though drying finish centers around spicy florals and berry tones in the short and notes of aromatic wood and maple syrup in the long.'),
(41, 41, 93, '2024-12-17 00:00:00', 'Sweetly pungent, richly savory-toned. Blackberry jam, roasted cacao nib, rhododendron, sundried tomato, nougat in aroma and cup. Sweet-savory structure with crisp, floral acidity; viscous, lightly syrupy mouthfeel. The finish is sweet-toned and balanced, with lingering notes of berry and cocoa.'),
(42, 42, 93, '2024-12-17 00:00:00', 'Bright, crisp, deeply sweet. Honey, lilac, cedar, tea rose, mango in aroma and cup. Crisply sweet-tart structure; satiny-smooth body. Notes of mango and spice-toned florals carry the short finish, while honey lingers in the long.'),
(43, 43, 94, '2024-12-17 00:00:00', 'Crisp, sweetly tart. Dark chocolate, pie cherry, cedar, honey, magnolia in aroma and cup. Bittersweet in structure with crisp, citrus-like acidity; velvety mouthfeel. The finish consolidates to honey-toned stonefruit in the short and dark chocolate in the long.'),
(44, 44, 96, '2024-12-17 00:00:00', 'Complex, uniquely sweet, tropical. Plumeria, roasted cacao nib, mango, sandalwood, nougat in aroma and cup. Sweetly tart structure with bright, juicy acidity; syrupy mouthfeel. The finish carries through on the promise of the cup, with rich florals in the short and deep fruit notes in the long, where a new element, a soft fruit tone suggesting coconut, surfaces.'),
(45, 45, 95, '2024-12-17 00:00:00', 'High-toned, richly sweet. Strawberry guava, roasted cacao nib, lime zest, jasmine, almond in aroma and cup. Sweetly-tart structure with juicy, balanced acidity; plush, syrupy mouthfeel. The finish is long and resonant, with lime zest and strawberry guava in the short, rounding to cocoa-toned jasmine in the deeply sweet long.'),
(46, 46, 94, '2024-12-17 00:00:00', 'Spice-toned, richly sweet. Raspberry, dark chocolate, hazelnut, gardenia, bergamot in aroma and cup. Sweet, fruit-forward structure; full, satiny mouthfeel. The resonant, flavor-saturated finish is characterized by notes of rich chocolate with berry and bittersweet citrus complications.'),
(47, 47, 96, '2024-11-17 00:00:00', 'Sweetly bright, spicy and savory-edged. Orange zest, black currant, baker’s chocolate, tamarind, floral-toned vanilla, redwood in aroma and cup. Deeply bright and richly savory in structure; syrupy, lively mouthfeel. Very deep, very lasting finish, saturated with flavor: chocolate, black currant, vanilla. '),
(48, 48, 95, '2024-11-17 00:00:00', 'Richly sweet/tart, crisply complex. Dark chocolate, roasted cashew, pink grapefruit, sandalwood, Chinese five-spice in aroma and cup. Structure is drying but sweetly juicy; buoyant and plump in mouthfeel. Nut-toned chocolate with a hint of sandalwood and spice saturate a sweet, richly dry finish. '),
(49, 49, 95, '2024-11-17 00:00:00', 'Sweet, deep, intense but balanced. Peach, maple syrup, sandalwood, grapefruit zest, almond, magnolia in aroma and cup. Round, resonantly and sweetly bright in structure. Silky and buoyant in mouthfeel. Deep, long, flavor-saturated finish.'),
(50, 50, 95, '2024-11-17 00:00:00', 'Crisply and sweetly tart, delicate yet confident. Peach, vanilla bean, grapefruit zest, almond, pink peppercorn in aroma and cup. Poised in structure: sweet, tart, savory. Mouthfeel is cushiony, plush. Flavor saturates a savory-edged, drying finish.'),
(51, 51, 93, '2024-11-17 00:00:00', 'Spice-toned, chocolaty. Chocolate-toned malt, date, hazelnut, fresh pipe tobacco, stick cinnamon in aroma and cup. Richly bittersweet in structure; velvety-smooth mouthfeel. The finish is richly chocolate-toned with a hint of cinnamon.'),
(52, 52, 95, '2024-11-17 00:00:00', 'Crisply sweet, intricate, delicately rich. Jasmine, tangerine zest, sandalwood, sweet ripe banana, roasted cacao nib in aroma and cup. Balanced, roundly and gracefully sweet/tart in structure. Light-footed and plush in mouthfeel. Flavor consolidates around jasmine, sandalwood and banana in a sweet, lasting finish.'),
(53, 53, 93, '2024-01-18 00:00:00', 'Deeply sweet, delicately zesty, complexly fruit- and floral-toned. Peach, grapefruit zest, alyssum-like flowers, dark chocolate, cinnamon in aroma and cup. Sweetly tart in structure, with a deepening savory-bitter edge. Light, satiny mouthfeel; flavor saturates a deep, richly floral and chocolate-toned finish.'),
(54, 54, 93, '2024-01-18 00:00:00', 'Evaluated as espresso. Crisply sweet-tart. Frangipane, dark chocolate, cedar, tamarind, jasmine in aroma and small cup. Crisp, velvety mouthfeel; nut-toned, richly tannic finish. In cappuccino-scaled milk, invitingly bittersweet, with notes of dark chocolate and jasmine in harmony.'),
(55, 55, 92, '2024-12-17 00:00:00', 'Sweetly tart, intense but balanced. Orange zest, red currant, tea rose, white sage, roasted cashew in aroma and cup. Brisk and savory-edged but sweet in structure; impressively buoyant, almost effervescent mouthfeel. Flavor fades to hints of sage and cashew in a sweet though drying finish.  '),
(56, 56, 91, '2024-12-17 00:00:00', 'Evaluated as espresso. Sweetly bright, tartly juicy. Grapefruit zest, mango, chocolate, fresh-cut fir in aroma and small cup. Very lightly syrupy and lively in mouthfeel. Rounds in the finish and the chocolate comes forward. In three parts milk a dry, orangy chocolate dominates, crisply and pleasingly.  '),
(57, 57, 96, '2024-12-17 00:00:00', 'Intensely rich, deeply sweet, complex. Chocolate fudge, lavender, grapefruit zest, moist perique-style tobacco, coconut-covered date in aroma and cup. Balanced, sweetly savory in structure with lively acidity; buoyant, syrupy mouthfeel. The flavor-laden finish offers chocolate-toned spicy florals in the short resolving to rich date notes with undertones of perique tobacco in the long.'),
(58, 58, 91, '2024-12-17 00:00:00', 'Crisply sweet, high-toned. Maple syrup, narcissus, ripe orange, hazelnut, a hint of cardamom in aroma and cup. Gently sweet-tart structure; velvety mouthfeel. The short finish leads with attractive bittersweet orange tones; narcissus and cardamom carry the long.'),
(59, 59, 95, '2024-12-17 00:00:00', 'Richly sweet, crisply complex, spice-toned. Lilac, bergamot, white peach, caramelized walnut, sandalwood in aroma and cup. Delicate, sweetly tart, juicy in structure; crisp, satiny mouthfeel. The quietly resonant finish is flavor-saturated: stonefruit and bergamot carry the short and sandalwood-nuanced lilac notes resurface in the long.'),
(60, 60, 93, '2024-12-17 00:00:00', 'Delicate, crisply sweet. Dried coconut, baker’s chocolate, candied violet, cedar, nutmeg in aroma and cup. Balanced, sweet-tart structure; silky mouthfeel. The gently drying finish is carried by notes of chocolate-toned coconut in the short and cedar in the long, with a whisper of sweet candied violet.'),
(61, 61, 92, '2024-12-17 00:00:00', 'Engaging, richly sweet-savory. Caramelized fig, earthy pipe tobacco, aged rum, hibiscus, cinnamon in aroma and cup. Sweetly tart structure; velvety-smooth mouthfeel. The long finish consolidates to cinnamon and caramelized fig, with a hint of aged rum.'),
(62, 62, 92, '2024-12-17 00:00:00', 'Sweet-toned, fruit-forward. Raspberry, cedar, baker’s chocolate, gardenia, molasses in aroma and cup. Bittersweet structure; velvety mouthfeel. The crisp, gently drying finish leads with notes of chocolate-toned berries in the short, and spicy-sweet florals and aromatic wood notes in the long.'),
(63, 63, 93, '2024-12-17 00:00:00', 'Richly sweet, high-toned. Maple syrup, orange zest, roasted cacao nib, peach, cedar in aroma and cup. Sweet-tart structure; satiny mouthfeel. The resonant finish has a throughline of roasted cacao nib, accompanied by notes of peach and maple syrup in the short and orange zest and cedar in the long. '),
(64, 64, 94, '2024-12-17 00:00:00', 'Vibrant, richly sweet, clear-toned. Roasted cacao nib, ginger blossom, dried fig, sandalwood, sugar cane in aroma and cup. Lushly sweet-tart in structure with juicy acidity; crisp, velvety mouthfeel. The deep, resonant finish is flavor-laden, fulfilling the promise of the cup with spicy floral notes in the short and cocoa-toned fruit in the long.'),
(65, 65, 95, '2024-12-17 00:00:00', 'Intense, dynamic, richly sweet-savory. Passionfruit jam, baker’s chocolate, aromatic orchid, sandalwood, almond in aroma and cup. Bright, sweetly tart in structure; full, velvety mouthfeel. The resonant finish is crisply sweet, with layers of complex fruit and floral notes in the short, consolidating to baker’s chocolate and almond in the long. '),
(66, 66, 93, '2024-12-17 00:00:00', 'Evaluated as espresso. Deeply expressed dark chocolate, magnolia-like flowers, grapefruit zest, date, cedar in aroma and small cup. Lean, though very smooth mouthfeel; chocolate-toned finish with hints of cedar. The chocolate deepens in three parts milk, enlivened by continued suggestions of magnolia and grapefruit.'),
(67, 67, 92, '2024-12-17 00:00:00', 'Delicate, sweetly spice-toned. Red currant, lemon verbena, baker’s chocolate, rose hips, a hint of cannabis in aroma and cup. Crisply sweet-savory structure; crisp, velvety mouthfeel. The finish is sweetly herb-toned, leading with notes of lemon verbena and red currant in the short and a sweet muskiness akin to cannabis in the long, with a throughline of baker’s chocolate.'),
(68, 68, 92, '2024-12-17 00:00:00', 'Evaluated as espresso. Bright, zesty-sweet. Baker’s chocolate, lemon zest, black cherry, fresh-cut fir, narcissus in aroma and small cup. Crisp, velvety mouthfeel; balanced, sweetly tart finish. In three-parts milk the coffee particularly impresses: rich chocolate harmoniously envelops tart fruit and sweet floral notes.'),
(69, 69, 91, '2024-12-17 00:00:00', 'Sweetly savory, layered. Rhododendron-like flowers, cinnamon, baker’s chocolate, cedar, red currant in aroma and cup. Round, savory-leaning structure; crisp, velvety mouthfeel. The quiet finish centers on notes of vanilla-like florals and baker’s chocolate, with a hint of cinnamon. '),
(70, 70, 90, '2024-02-18 00:00:00', 'Richly sweet, chocolate-toned. Molasses, baker’s chocolate, lily, cedar, black peppercorn in aroma and cup. Bittersweet structure with round, gentle acidity; velvety-smooth mouthfeel. The finish is thoroughly chocolate-toned, leading with baker’s chocolate in the short complicated by deep florals and aromatic wood, rounding to cocoa powder and molasses in the long.'),
(71, 71, 93, '2024-01-18 00:00:00', 'Evaluated as espresso. Delicate, crisply sweet-savory. Tamarind, baker’s chocolate, rhododendron, mulberry, oak in aroma and small cup. Confident, satiny-smooth mouthfeel; richly drying finish redolent of chocolate-toned aromatic oak. In three parts milk, chocolate and sweet floral notes merge and bloom, and a pretty hint of tangerine zest also surfaces. '),
(72, 72, 93, '2024-01-18 00:00:00', 'Deeply sweet, richly savory. Dried apricot, roasted cacao nib, freesia, almond, tamarind in aroma and cup. Balanced, sweet-savory structure; syrupy-smooth mouthfeel. The finish leads with notes of dried stone fruit and spicy florals in the short, rounding to almond and cocoa in the long, with a hint of tamarind-like sweet-tartness.'),
(73, 73, 95, '2024-01-18 00:00:00', 'Deeply sweet, intensely pungent. Dark chocolate, tangerine zest, star jasmine, maple syrup, frankincense in aroma and cup. Deeply sweet-toned in structure with lively, bright acidity; satiny mouthfeel. The finish is as elegant as the cup implies: flavor-saturated, floral-, chocolate- and fruit-toned in both short and long.'),
(74, 74, 93, '2024-01-18 00:00:00', 'Richly savory, sweetly herb-toned. Baker’s chocolate, fennel, black cherry, cedar, wisteria-like flowers in aroma and cup. Round, deeply sweet in structure; syrupy mouthfeel. The cocoa-toned finish leads with black cherry in the short, which settles into a cedar-toned flowers in the long. '),
(75, 75, 93, '2024-01-18 00:00:00', 'Delicately sweet-tart, fruit-toned. Strawberry, aged rum, cocoa powder, pink peppercorn, celery seed in aroma and cup. Sweetly fermenty in structure; satiny-smooth in mouthfeel. A hint of aged rum carries the finish, accompanied by berry notes in the short and spice-toned savory notes in the long.'),
(76, 76, 90, '2024-01-18 00:00:00', 'Gently bittersweet, deeply floral-toned. Baker’s chocolate, aromatic orchid, hazelnut, oak in aroma and cup. Low-toned, crisply bittersweet in structure. Mouthfeel is light though silky. The finish consolidates to a rich, oaky chocolate.   '),
(77, 77, 94, '2024-01-18 00:00:00', 'Resonantly fruit-forward, elegant, complex. Honey, dried raspberry, chocolate truffle, aged rum, a hint of marjoram in aroma and cup. Juicy, rich structure with bright, vibrant acidity; full, satiny mouthfeel. A suggestion of sweet marjoram complicates the rich, flavor-saturated finish, which leads with honey and raspberry notes in the short, rounding to chocolate and aged rum in the long.'),
(78, 78, 92, '2024-01-18 00:00:00', 'Crisply sweet, spice-toned. Dried papaya, caramel, tangerine zest, pink-peppercorn, vanilla in aroma and cup. High-toned, sweetly tart in structure with juicy, bright acidity; lean, though satiny-smooth mouthfeel. The resonant, richly drying finish is laden with sweet notes of caramel and papaya in the short, turning more savory-leaning in the long, with hints of pink peppercorn wrapped in vanilla. '),
(79, 79, 95, '2024-01-18 00:00:00', 'Resonantly bright, floral-toned. Jasmine, frankincense, cardamom, toffee, apricot in aroma and cup. Balanced, sweetly tart structure with juicy acidity; crisp, velvety mouthfeel. The deep, flavor-saturated finish leads with caramel-toned apricot in the short, with rich florals resurfacing in the long. '),
(80, 80, 92, '2024-01-18 00:00:00', 'Deeply rich, spicy sweet. Pear, cedar, vanilla, grapefruit zest, cumin in aroma and cup. Tartly bittersweet in structure; full, syrupy though drying mouthfeel. Resonant finish consolidates around pear and a floral-toned vanilla. '),
(81, 81, 95, '2024-01-18 00:00:00', 'Delicate, deeply sweet, complexly layered. Passionfruit, roasted cacao nib, frankincense, lilac, almond in aroma and cup. Balanced, sweet-tart structure with juicy acidity; crisp, satiny mouthfeel. The richly cocoa-toned finish is redolent of tropical fruit and fragrant aromatic wood.'),
(82, 82, 92, '2024-01-18 00:00:00', 'Deep, intense, sweetly perfumy, savory-edged. Dark chocolate, vanilla, dried mango, sandalwood, a hint of dried mint in aroma and cup. Very sweet though also rather drying and tannic in structure; satiny mouthfeel. Resonant, flavor-saturated finish, sweet yet spicy, particularly impressive in the long.'),
(83, 83, 91, '2024-01-18 00:00:00', 'Rich, roundly sweet-tart. Peach, fresh-cut fir, baker’s chocolate, magnolia, brown sugar in aroma and cup. Bittersweet in structure; crisp, velvety mouthfeel. Baker’s chocolate and stone fruit carry the quietly resonant short finish, fresh-cut fir and deep florals prevail in the long.'),
(84, 84, 95, '2024-01-18 00:00:00', 'Evaluated as espresso. Intensely chocolaty, vivaciously fruit-toned. Dark chocolate, narcissus, pie cherry, molasses, sandalwood in aroma and small cup. Rich, syrupy mouthfeel. A resonant finish leads with cherry and narcissus notes in the short and sandalwood-toned chocolate in the long. In three parts milk, dark chocolate envelopes deeply stated fruit and floral notes. '),
(85, 85, 94, '2024-01-18 00:00:00', 'Evaluated as espresso. Richly and deeply pungent. Dark chocolate, cedar, orange zest, floral-toned vanilla, fresh pipe tobacco in aroma and small cup. Syrupy but lively mouthfeel; dark chocolate, cedar, orange carry into a resonant finish. The dark chocolate turns crisp and malty in three parts milk. '),
(86, 86, 93, '2024-02-18 00:00:00', 'Evaluated as espresso. Richly sweet-tart. Dark chocolate, narcissus, candied blood orange zest, almond butter, cedar in aroma and small cup. Full, syrupy body; citrus- and cedar-toned finish. In three parts milk, notes of dark chocolate pleasin'),
(87, 87, 92, '2024-02-18 00:00:00', 'Fruit-forward, delicate yet intense. Complex flowers (lily to lavendar), sandalwood, dark chocolate, plum, a hint of brandy in aroma and cup. Roundly and deeply crisp in structure; lightly satiny in mouthfeel. The finish is resonant and sweet with chocolate and a continuing hint of brandy.'),
(88, 88, 92, '2024-02-18 00:00:00', 'Delicate, sweetly tart. Roasted cacao nib, honeysuckle, tamarind, spearmint, plum in aroma and cup. Balanced structure with brisk acidity; crisp, satiny mouthfeel. Bittersweet in the short finish and sweetly wood-framed in the long.'),
(89, 89, 93, '2024-02-18 00:00:00', 'Evaluated as espresso. Sweet-savory, intense, balanced. Spicy-toned flowers, tangerine zest, red berries, cedar, dark chocolate, roasted cashew in aroma and small cup. Syrupy but buoyant mouthfeel. Flowers, chocolate and citrus all carry into a resonant though slightly drying finish. Gently and sweetly citrusy in three parts milk, with a continued backgrounded chocolate and nut. '),
(90, 90, 94, '2024-02-18 00:00:00', 'Evaluated as espresso. Rich, deeply roast-toned. Dark-chocolate, ripe pear, scorched sandalwood, tangerine zest, honeysuckle-like flowers in aroma and small cup. Syrupy, plump mouthfeel; resonant finish is dry but alive with aromatics: dark chocolate, sandalwood, hints of flowers and tangerine. Dry but deep, chocolaty and nuanced in three parts milk.'),
(91, 91, 93, '2024-02-18 00:00:00', 'Delicate but richly intricate. Cocoa, almond paste, lemon verbena, hints of lily and grappa-like spirits in aroma and cup. Savory-sweet and brisk, though juicy in structure. Very lightly syrupy in mouthfeel. The finish is deeply savory-sweet and crisply flavor-saturated. '),
(92, 92, 94, '2024-02-18 00:00:00', 'Deeply and richly sweet; spice-toned. Lavender, mulberry, bay leaf, lemon zest, allspice in aroma and cup. Sweet-toned structure with vibrant acidity; buoyant, silky mouthfeel. The long, resonant finish is laden with spice-toned floral notes and bright berry suggestions.'),
(93, 93, 93, '2024-02-18 00:00:00', 'Richly sweet, floral-toned. Wisteria, roasted cacao nib, almond, caramel, hint of musk in aroma and cup. Balanced, sweetly tart structure with juicy acidity; crisply velvety mouthfeel. The finish consolidates to a pretty cocoa-toned musk in the short, with almond and caramel resurfacing in the long.'),
(94, 94, 92, '2024-02-18 00:00:00', 'Integrated, floral- and sweetly earth-toned. Lavender, perique pipe tobacco, tangerine zest, apricot, roasted cacao nib in aroma and cup. Sweet-savory in structure; syrupy-smooth body. The short finish is resonant with spicy floral and stone fruit notes and the long is earthy sweet, redolent of fine pipe tobacco.'),
(95, 95, 92, '2024-02-18 00:00:00', 'Intricate, layered, deeply sweet. Blackberry, nougat, roasted cacao nib, frankincense, tangerine zest in aroma and cup. Crisply sweet-tart structure; full, satiny mouthfeel. Notes of blackberry enveloped in cocoa frame the quiet short finish, rounding to incense-like aromatic wood and nougat in the long.'),
(96, 96, 92, '2024-02-18 00:00:00', 'Floral-toned, crisp, deeply sweet. Dried strawberry, freesia, toffee, hazelnut butter, fresh-cut cedar in aroma and cup. Sweet-toned structure; syrupy, almost creamy body. Notes of freesia-like flowers and hazelnut butter dominate in the short finish, while sweetly wood-framed toffee tones carry the long.'),
(97, 97, 94, '2024-02-18 00:00:00', 'Deeply and richly sweet, complex, layered. Apricot, dark chocolate, nut-toned toffee, sandalwood, fresh humus (forest floor).Sweet-savory structure with lively, juicy acidity; velvety-smooth mouthfeel. The flavor-saturated finish is resonant with notes of stone fruit and sandalwood in the short and earth-toned toffee in the long.'),
(98, 98, 93, '2024-02-18 00:00:00', 'High-toned, brightly sweet. Honeysuckle, spearmint, pomegranate, cedar, baker’s chocolate in aroma and cup. Sweetly tart structure with buoyant acidity; delicate, silky mouthfeel. Sweet notes of honeysuckle characterize the short finish, while chocolate-toned tart fruit, with a hint of spearmint, carries the long.'),
(99, 99, 93, '2024-02-18 00:00:00', 'Lush, deeply and richly sweet. Ginger blossom, pineapple, myrrh, maple syrup, orange marmalade in aroma and cup. Richly sweet-tart in structure with vibrant acidity; satiny mouthfeel. The long finish morphs from notes of tropical flowers in the long to tropical fruits nuanced by resonant aromatic wood in the long.'),
(100, 100, 93, '2024-02-18 00:00:00', 'High-toned, richly sweet. Nectarine, apple blossom, redwood, dark chocolate, grapefruit zest in aroma and cup. Sweetly tart structure with bright, lively acidity; crisp, velvety-smooth mouthfeel. The finish is saturated with notes of stone fruit and apple blossom in the short, with dark chocolate and a hint of grapefruit zest resurfacing in the long.'),
(101, 101, 93, '2024-02-18 00:00:00', 'Fruit-driven, intensely sweet. Bergamot, mango, sandalwood, baker’s chocolate, citrus blossom in aroma and cup. Richly sweet structure with rounded acidity; plush, syrupy mouthfeel. The finish sustains the fruit-forward momentum of the cup, backed by incense-like notes of sandalwood and a crisp baker’s chocolate.'),
(102, 102, 94, '2024-02-18 00:00:00', 'Delicate but deeply and quietly intense. Cocoa, peach, fresh-cut fir, brown sugar, a hint of lush, lily-like flowers in aroma and cup. Balanced, crisply sweet in structure; light-footed and lively in mouthfeel. Cocoa dominates in a resonant, flavor-saturated finish. '),
(103, 103, 93, '2024-02-18 00:00:00', 'Big, round, deeply resonant, layered. Fresh-cut cedar, baker’s chocolate, autumn squash, a hint of thyme in aroma and cup. Sweet-savory, low-toned in structure; full, syrupy in mouthfeel. In the finish most flavor details fade, but a powerful, chocolate-complicated sweetness rings on.'),
(104, 104, 93, '2024-02-18 00:00:00', 'Roundly and sweetly citrusy. Ripe tangerine, caramel, freesia-like flowers, cedar, a hint perhaps of fresh parsley-like herb in aroma and cup. Sweetly and gently tart, pure and juicy in structure. Very smooth, fullish, satiny mouthfeel. Flavor consolidates in a layered, resonant finish. '),
(105, 105, 96, '2024-03-18 00:00:00', 'Lush, vibrant; intricate and balanced. Fine musk, dried jasmine, passionfruit, bergamot, dark chocolate in aroma and cup. Complex, richly sweet structure with bright acidity. Buoyant, silky mouthfeel. The resonant finish fulfills the promise of the cup, carrying all of the flavor notes, including a hint of white sage, well into the long.'),
(106, 106, 92, '2024-03-18 00:00:00', 'Crisp, richly and sweetly tart. Candied apple, magnolia, cashew butter, sassafras, pomegranate in aroma and cup. Sweet-tart in structure with juicy acidity; velvety-smooth mouthfeel. The richly drying, subtle finish centers around notes of nut butter and sweet florals.'),
(107, 107, 90, '2024-03-18 00:00:00', 'Delicate, crisply sweet-savory, roast-rounded. Dark chocolate, orange blossom, almond, sandalwood, tamari in aroma and cup. Savory sweet in structure  with gentle acidity; crisp, satiny mouthfeel. The finish is rich with notes of dark chocolate and almond in the short, with savory-sweet hints of tamari and sandalwood incense in the long.'),
(108, 108, 91, '2024-03-18 00:00:00', 'Deeply sweet, richly wood-framed. Watermelon candy, sandalwood, narcissus-like flowers, toasted pecan, maple syrup in aroma and cup. Bittersweet structure; crisp, satiny mouthfeel. Aromatic wood leads in the short finish, while notes of watermelon candy (think Jolly Rancher) and sweet florals resurface in the long.'),
(109, 109, 89, '2024-03-18 00:00:00', 'Evaluated as espresso. Crisp, richly sweet. Dark chocolate, lily, caramelized walnut, grapefruit zest, fresh-cut fir in aroma and small cup. Lightly syrupy body; richly drying, citrus-toned finish. Chocolaty and floral-toned in three parts milk.'),
(110, 110, 94, '2024-03-18 00:00:00', 'Evaluated as espresso. Richly floral, chocolate-toned, sweetly tart. Wisteria, dark chocolate, tangerine zest, molasses, dried apricot in aroma and small cup. Viscous, lightly syrupy mouthfeel; crisp, cocoa-toned finish. Very floral in cappuccino-scaled milk: Notes of wisteria and dark chocolate dominate, nuanced by tangerine zest and dried apricot.'),
(111, 111, 92, '2024-03-18 00:00:00', 'Deeply and richly sweet. Strawberry, peach, sandalwood, almond butter, chrysanthemum in aroma and cup. Sweetly tart structure; crisp, satiny mouthfeel. The quiet finish consolidates around notes of almond and sandalwood.'),
(112, 112, 92, '2024-03-18 00:00:00', 'Pungent and earthy with a quietly persuasive sweetness. Fresh clay, grapefruit zest, baker’s chocolate, vanilla bean, ripe pear in aroma and cup. Sweet/savory in structure; light but plush mouthfeel. Clay, grapefruit and vanilla carry into an impressively resonant, layered finish.'),
(113, 113, 94, '2024-03-18 00:00:00', 'Intricately layered, deeply and sweetly pungent. Roasted cacao nib, lemon zest, lilac, candied ginger, frankincense in aroma and cup. Sweet-tart structure with bright, juicy acidity; full, syrupy mouthfeel. The complex finish sustains all of the flavor notes from the cup, sweet flowers in particular.'),
(114, 114, 93, '2024-03-18 00:00:00', 'Richly sweet, spice-toned. Dried cherry, lemon zest, baker’s chocolate, cashew, a hint of cayenne in aroma and cup. Delicate, sweetly tart structure with bright acidity; crisp, velvety mouthfeel. The flavor-saturated finish centers on citrus notes and chocolate in the short, with a suggestion of cayenne in the long.'),
(115, 115, 93, '2024-03-18 00:00:00', 'Sweetly pungent, high-toned. Dried apple, orange blossom, toffee, cedar, dark chocolate in aroma and cup. Sweetly tart structure, with juicy acidity; buoyant, silky mouthfeel. The finish is deeply sweet and resonant, with notes of orange blossom and toffee in the short, rounding to chocolate in the long.'),
(116, 116, 92, '2024-03-18 00:00:00', 'Deeply rich, sweetly tart. Baker’s chocolate, grapefruit zest, molasses, tea rose, marjoram in aroma and cup. Balanced, sweet-savory in structure; plump, velvety mouthfeel. The finish is crisp and dry, but also richly sweet, with notes of chocolate and spice-toned florals.'),
(117, 117, 94, '2024-03-18 00:00:00', 'Juicy, crisp yet lush, original. Jasmine, baker’s chocolate, sandalwood, tangerine zest, dried mango in aroma and cup. Layered and lyric in structure: softly bright, crisply pungent. Light yet lively in mouthfeel. The finish consolidates around the sandalwood and cocoa, but the sweet flowers last, too. '),
(118, 118, 94, '2024-03-18 00:00:00', 'Deeply, refreshingly pungent and earthy. Grapefruit zest, dark chocolate, candied ginger, graham cracker, moist fresh-fallen leaves in aroma and cup. Structured around complexly layered tart, sweet and savory tastes; plush, syrupy mouthfeel. Sweet, deeply flavor-saturated finish.'),
(119, 119, 92, '2024-03-18 00:00:00', 'Balanced and bright with a savory, root-vegetable depth. Lemon verbena, ripe orange zest, roasted cacao nib, rhododendron, a hint of brothy cooked root vegetables in aroma and cup. Structure is quietly sweet/tart with a savory edge; the mouthfeel round, syrupy and full. The finish is richly drying, consolidating around cacao nib and a ripe zesty orange.'),
(120, 120, 95, '2024-03-18 00:00:00', 'Richly sweet, delicately savory. Lilac, chocolate fudge, pomegranate, frankincense, honey in aroma and cup. Balanced, sweetly savory structure with bright, juicy acidity; buoyant, syrupy mouthfeel. The flavor-saturated finish is resonant with notes of lilac and pomegranate in the short and chocolate-toned frankincense in the long.'),
(121, 121, 95, '2024-02-18 00:00:00', 'Crisp, delicate, yet intense and original. Lush, rose-like flowers, dark chocolate, cedar, almond, ripe pineapple in aroma and cup. Balanced and complete in structure, poised at a round, satisfying intersection of sweet, tart and bitter. Light but syrupy in texture. Layered and resonant in the finish: rose, chocolate, almond all ring on.'),
(122, 122, 94, '2024-02-18 00:00:00', 'Bright, richly sweet. Lime blossom, raspberry jam, sandalwood, roasted cacao nib, maple syrup in aroma and cup. Sweetly tart in structure with juicy acidity; viscous, buoyant mouthfeel. The finish leads with citrus and berry notes in the short, segueing to sandalwood-framed sweet florals in the long.'),
(123, 123, 93, '2024-04-18 00:00:00', 'Richly sweet, fruit-toned. Raspberry jam, almond butter, rhododendron-like flowers, grappa, cocoa powder in aroma and cup. Sweet-tart structure with fruit-forward acidity; plush, syrupy mouthfeel. The finish consolidates around deep raspberry and cocoa notes, with a heady hint of sweet ferment.'),
(124, 124, 93, '2024-04-18 00:00:00', 'Delicate, intricately sweet. Dried mango, roasted cacao nib, honeysuckle, freesia-like flowers, a hint of cumin in aroma and cup. Deeply rich, balanced  structure; crisp, satiny mouthfeel. The finish is animated by lively mango and freesia notes in the short, quieting to cocoa-toned honeysuckle in the long.'),
(125, 125, 93, '2024-04-18 00:00:00', 'Richly sweet, spice-toned. Black currant, molasses, amber oil, allspice, wisteria-like flowers in aroma and cup. Deeply sweet structure; smooth, rounded acidity. The finish displays an unusual sweetly musky quality suggesting amber oil, complicated by black currant and wisteria. '),
(126, 126, 93, '2024-04-18 00:00:00', 'High-toned, richly sweet-savory. Mango, honey, lemongrass, oak, narcissus in aroma and cup. Balanced, sweetly savory structure with lively acidity; crisp though velvety mouthfeel. The sweetly herb-toned finish is redolent of lemongrass, supported by mango, honey and a hint of oak.'),
(127, 127, 94, '2024-04-18 00:00:00', 'Intensely rich, sweetly savory. Dried raspberry, aged rum, paprika, pipe tobacco, wisteria-like flowers in aroma and cup. Sweet-savory in structure with gentle acidity; full, velvety mouthfeel. The flavor-saturated finish fulfills the promise of the cup, carrying over each of the distinct fruit, earth, spice and chocolate notes, together with a hint of sweet ferment suggesting aged rum.'),
(128, 128, 94, '2024-04-18 00:00:00', 'Richly sweet, spice-toned. Mango, clove, lime zest, dark chocolate, fragrant pipe tobacco in aroma and cup. Crisply sweet in structure with bright acidity; lightly creamy mouthfeel. The rich-toned finish leads with notes of lime zest and clove in the short; both mango and pipe tobacco return in the long.'),
(129, 129, 94, '2024-04-18 00:00:00', 'Floral, richly earth-toned. Lilac, black cherry, nutella, moist pipe tobacco, tangerine zest in aroma and cup. Sweet-savory structure with bright acidity; velvety-smooth mouthfeel. The finish is richly fruit- and floral-toned, with amplified notes of pipe tobacco in the long. '),
(130, 130, 94, '2024-04-18 00:00:00', 'Intensely sweet-tart, deeply rich. Blackberry jam, toasted coconut, dark chocolate, fine musk, fresh-cut redwood in aroma and cup. Sweetly tart structure with juicy, bright acidity; delicate, satiny mouthfeel. The quiet finish centers on notes of blackberry and chocolate in the short, musk and redwood in the long. '),
(131, 131, 95, '2024-04-18 00:00:00', 'Lush, high-toned, richly sweet. Apricot, bergamot zest, nougat, sandalwood, honeysuckle in aroma and cup. Deeply sweet in structure, with juicy, bright acidity; plump, syrupy mouthfeel. The finish is seemingly eternal, resonant with all the flavor notes from the cup: stone fruit, citrus zest, nutty caramel, aromatic wood and sweet florals.'),
(132, 132, 94, '2024-04-18 00:00:00', 'High-toned, deeply sweet. Black currant, honey, sandalwood, narcissus-like flowers, roasted cacao nib in aroma and cup. Sweet-tart in structure with juicy, bright acidity; full, syrupy-smooth mouthfeel. The resonant finish consolidates to notes of black currant and honey in the short, rich cocoa-toned sandalwood in the long.'),
(133, 133, 95, '2024-04-18 00:00:00', 'Intensely pungent, richly vibrant, deeply sweet, startlingly original. Complex spice (cinnamon, clove, nutmeg), herb (fresh cilantro, parsley), baker’s chocolate, lime zest, sweetly pungent spirits (Brazilian cachaça?) in aroma and cup. Deeply sweet and roundly tart in structure. Full, syrupy mouthfeel. The shifting, layered intrigue in the cup carries far into a long, resonant finish.'),
(134, 134, 94, '2024-04-18 00:00:00', 'Evaluated as espresso. Layered, complex. Dark chocolate, mango, grapefruit zest, cedar, lily-like flowers in aroma and small cup. Lightly syrupy, lively mouthfeel. Mango, chocolate and a hint of flowers persist in a deeply resonant finish. Crisply lively in three-parts milk: continued chocolate and mango-like fruit, while the floral suggestions hint at butterscotch. '),
(135, 135, 93, '2024-04-18 00:00:00', 'Evaluated as espresso. Roundly and sweetly tart/pungent. Baker’s chocolate, almond, cedar, tangerine zest, wisteria-like flowers in aroma and small cup. Syrupy, full mouthfeel. Flavor consolidates in a rather dry though pleasingly chocolate- and cedar-toned finish. Crisp in three-parts milk: dry chocolate and rich floral hints.'),
(136, 136, 92, '2024-04-18 00:00:00', 'Crisp, richly sweet-savory. Maple syrup, gardenia-like flowers, fresh humus, pomegranate, baker’s chocolate in aroma and cup. Deeply sweet in structure, with savory undertones; delicate, silky mouthfeel. The finish is driven by gardenia-like florals and sweet earth tones in the short, baker’s chocolate and tart fruit in the long.'),
(137, 137, 94, '2024-03-18 00:00:00', 'Crisp, sweetly tart. Concord grape, baker’s chocolate, cedar, musk, magnolia in aroma and cup. Balanced, sweet-tart in structure with juicy acidity; full, satiny mouthfeel. The resonant finish leads with fruit and floral tones, rounding to baker’s chocolate in the long. '),
(138, 138, 92, '2024-03-18 00:00:00', 'Fruit-forward, spice-toned. Raspberry jam, clove, rum cordial, fresh-cut fir, dried hibiscus in aroma and cup. Sweetly tart structure with brisk acidity; lightly creamy mouthfeel. Clove and raspberry drive the sweet-toned short finish, while notes of fresh-cut fir reappear in the long.'),
(139, 139, 94, '2024-03-18 00:00:00', 'Delicate, sweetly spice-toned. Peach blossom, hazelnut, pink peppercorn, lime zest, cedar in aroma and cup. Sweet-tart in structure with lively, balanced acidity; plush, syrupy mouthfeel. The finish consolidates to peach blossom and hazelnut in the short, with lime zest and cedar resurfacing in the long.'),
(140, 140, 91, '2024-03-18 00:00:00', 'Crisp, sweetly savory. Butterscotch, mesquite, cocoa powder, cooked acorn squash, fine musk in aroma and cup. Sweet-savory in structure with brisk acidity; lightly syrupy mouthfeel. The finish is carried, both short and long, by notes of cocoa and rich aromatic wood.'),
(141, 141, 94, '2024-03-18 00:00:00', 'Elegant, bright, very sweetly pungent. Starfruit, frankincense, lime zest, roasted cacao nib, narcissus in aroma and cup. Richly sweet in structure with balanced, vivacious acidity. Delicate, silky mouthfeel. The floral-toned finish starts and ends with notes of narcissus, punctuated by starfruit, cacao nib and bittersweet citrus suggesting lime zest, all enveloped in perfumy aromatic wood redolent of frankincense.'),
(142, 142, 92, '2024-03-18 00:00:00', 'Crisply sweet, balanced. Apricot, freesia-like flowers, baker’s chocolate, clove, almond in aroma and cup. Sweetly tart structure; full, velvety mouthfeel. The finish leads with notes of sweet stone fruit and spicy florals in the short, rounding to cocoa-toned almond in the long, with a lingering hint of clove-like spice.');
INSERT INTO `products_beans_reviews` (`products_beans_review_id`, `products_beans_id`, `rating`, `review_date`, `description`) VALUES
(143, 143, 92, '2024-05-18 00:00:00', 'High-toned, richly sweet-tart. Baker’s chocolate, hibiscus tea, floral vanilla, tangerine zest, brown sugar in aroma and cup. Sweetly bright in structure, with gentle acidity; plush, syrupy mouthfeel. The sweetly tart finish is gently drying, consolidating around notes of hibiscus tea and baker’s chocolate.'),
(144, 144, 92, '2024-05-18 00:00:00', 'Fruit-toned, chocolaty. Strawberry, dark chocolate, sandalwood, lavender, a hint of brandy in aroma and cup. Brisk, sweet-tart structure with juicy acidity; delicate, silky mouthfeel. Reminiscent of a chocolate cordial in the sweetly fermenty finish.'),
(145, 145, 92, '2024-05-18 00:00:00', 'Crisp, delicately sweet. Baker’s chocolate, violet-like flowers, papaya, macadamia nut, molasses in aroma and cup. Balanced, bittersweet structure; impressively buoyant, velvety mouthfeel. The resonant, flavor-saturated finish consolidates around notes of violet and papaya with a throughline of molasses-like sweetness.'),
(146, 146, 93, '2024-05-18 00:00:00', 'Resonant, sweet-savory, original. Baker’s chocolate, fragrant fresh-cut cedar, green grape, almond, wisteria in aroma and cup. Roundly tart, sweetly savory in structure; plushly syrupy mouthfeel. Flavor, particularly green grape and flowers, carries into a drying finish.'),
(147, 147, 94, '2024-05-18 00:00:00', 'Deeply sweet, richly earth-toned. Dark chocolate, candy cap mushroom, gardenia, black cherry, grapefruit zest in aroma and cup. Balanced, sweet-savory-tart structure with vibrant acidity; full, syrupy mouthfeel. The crisp, flavor-saturated finish centers around sweet fruit and floral notes and an intriguing savory inclination.'),
(148, 148, 93, '2024-05-18 00:00:00', 'Delicately rich, vibrantly sweet-savory. Wisteria, chocolate fudge, mango, candied lime zest, allspice in aroma and cup. Sweetly tart in structure; full, velvety mouthfeel. The long finish consolidates to notes of wisteria and allspice.'),
(149, 149, 89, '2024-04-18 00:00:00', 'Quietly and delicately crisp. Candied walnut, peach, honeysuckle, cedar, ripe banana in aroma and cup. Gently and sweetly brisk in structure; light, very silky in mouthfeel. Walnut, peach and cedar in particular carry into a sweet though drying finish.'),
(150, 0, 95, '2024-11-17 00:00:00', 'An espresso blend comprised of coffees from Panama and Ethiopia. A.R.C., whose motto is ‚Äúmore than specialty,‚Äù rigorously controls three vital elements: sourcing of green coffee, roasting, and, in cafe environments, water quality for brewed coffee. For more information, visit http://www.arc.coffee/en/index.html.'),
(151, 1, 94, '2024-11-17 00:00:00', 'An espresso blend comprised of coffees from Africa and the Asia-Pacific. A.R.C., whose motto is ‚Äúmore than specialty,‚Äù rigorously controls three vital elements: sourcing of green coffee, roasting, and, in cafe environments, water quality for brewed coffee. For more information, visit http://www.arc.coffee/en/index.html.'),
(152, 2, 92, '2024-11-17 00:00:00', 'This coffee tied for the third-highest rating in a tasting of 71 organic-certified coffees from Africa for Coffee Review‚Äôs November 2017 tasting report. Southern Ethiopia coffees like this one are produced from traditional Ethiopian varieties of Arabica long grown in the region. When processed by the wet or washed method (fruit skin and pulp are removed before drying) they typically express great aromatic complexity and intensity with a particular emphasis on floral notes. Like virtually all southern Ethiopia coffees, this coffee is produced by villagers on small, garden plots interplanted with food and other subsistence crops. Revel Coffee is a micro-roaster located in Billings, Montana. Its motto: ‚ÄúQuality is paramount ‚Äî a difference you can revel in.‚Äù Visit www.revelcoffee.com or call 406-534-9621 for more information.'),
(153, 3, 92, '2024-11-17 00:00:00', 'This coffee tied for the third-highest rating in a tasting of 71 organic-certified coffees from Africa for Coffee Review‚Äôs November 2017 tasting report. Southern Ethiopia coffees like this one are produced from traditional Ethiopian varieties of Arabica long grown in the region. When processed by the wet or washed method (fruit skin and pulp are removed before drying) they typically express great aromatic complexity and intensity with a particular emphasis on floral notes. Like virtually all southern Ethiopia coffees, this one is produced by villagers on small, garden plots interplanted with food and other subsistence crops. Roast House is a small-batch, quality-focused roaster specializing in farm-direct organic-certified and Fair Trade Certified coffees. Visit roasthousecoffee.com or call 509-995-6500 for more information.'),
(154, 4, 94, '2024-11-17 00:00:00', 'Southern Ethiopia coffees like this one are produced from distinctive traditional Ethiopian varieties of Arabica long grown in the region. Like virtually all southern Ethiopia coffees, this coffee is produced by villagers on small garden plots interplanted with food and other subsistence crops. Processed by the wet or washed method (fruit skin and pulp are removed before drying). This coffee tied for the highest rating in a tasting of 71 organic-certified coffees from Africa for Coffee Review‚Äôs November 2017 tasting report. Big Creek Coffee Roasters is a small, quality-oriented batch roaster located in Montana‚Äôs Bitterroot Valley. Visit www.bigcreekcoffeeroasters.com or call 406-375-7508 for more information.'),
(155, 5, 93, '2024-11-17 00:00:00', 'This coffee tied for the second-highest rating in a tasting of 71 organic-certified coffees from Africa for Coffee Review‚Äôs November 2017 tasting report. Southern Ethiopia coffees like this one are produced from distinctive traditional Ethiopian varieties of Arabica long grown in the region. Like virtually all southern Ethiopia coffees, this coffee is produced by villagers on small garden plots interplanted with food and other subsistence crops. This is a dry-processed or ‚Äúnatural‚Äù coffee, meaning the beans were dried inside the fruit rather than after the fruit has been removed, as is the case with wet-processed or ‚Äúwashed‚Äù coffees. Certified USDA organic. Established in 2010, Red Rooster is an organic-certified micro-roaster focusing on socially conscious coffee and high-quality coffee. Visit redroostercoffee.com or call 540-745-7338 for more information.'),
(156, 6, 93, '2024-11-17 00:00:00', 'This coffee tied for the second-highest rating in a tasting of 71 organic-certified coffees from Africa for Coffee Review‚Äôs November 2017 tasting report. Southern Ethiopia coffees like this one are produced from traditional Ethiopian varieties of Arabica long grown in the region. This is a dry-processed or ‚Äúnatural‚Äù Yirgacheffe, meaning the beans were dried inside the fruit rather than after the fruit has been removed, as is the case with wet-processed or ‚Äúwashed‚Äù coffees. Certified USDA organic. Willoughby‚Äôs Coffee & Tea is a pioneer specialty coffee roaster established in the early 1980s that has gracefully and successfully moved with the times and now offers a menu of extremely refined small-lot, single-origin coffees. Visit www.willoughbyscoffee.com or call 800-388-8400 for more information.'),
(157, 7, 93, '2024-11-17 00:00:00', 'This coffee tied for the second-highest rating in a tasting of 71 organic-certified coffees from Africa for Coffee Review‚Äôs November 2017 tasting report. Southern Ethiopia produces distinctive coffees from traditional varieties of Arabica long grown in the region. This lot was processed by the wet or washed method (fruit skin and pulp are removed before drying). Certified USDA organic. Artisan coffee-roasters in the northern California town of Ukiah, Black Oak‚Äôs mission is to bring to life each carefully selected coffee‚Äôs unique origins. For more information, visit www.blackoakcoffee.com.'),
(158, 8, 93, '2024-11-17 00:00:00', 'This coffee tied for the second-highest rating in a tasting of 71 organic-certified coffees from Africa for Coffee Review‚Äôs November 2017 tasting report. Produced by the METAD farm and mill in southern Ethiopia. Southern Ethiopia produces distinctive coffees from traditional varieties of Arabica long grown in the region. Coffees like this one processed by the wet or washed method (fruit skin and pulp is removed before drying) typically express great aromatic complexity and intensity with a particular emphasis on citrus and floral notes. Ceritifed USDA organic. Wonderstate Coffee, formerly Kickapoo Coffee, is an award-winning roaster based in rural Wisconsin known for their commitment to guaranteeing higher pay for farmers and being the country‚Äôs first 100% solar powered roastery. Visit https://wonderstate.com for more information.'),
(159, 9, 94, '2024-11-17 00:00:00', 'This exceptional coffee was selected as the No. 17 coffee on Coffee Review‚Äôs list of the Top 30 Coffees of 2017.¬† This coffee also tied for the highest rating in a tasting of 71 organic-certified coffees from Africa for Coffee Review‚Äôs November 2017 tasting report. Southern Ethiopia coffees like this one are produced from distinctive traditional Ethiopian varieties of Arabica long grown in the region. Like virtually all southern Ethiopia coffees, this coffee is produced by villagers on small garden plots interplanted with food and other subsistence crops. This lot was processed by the wet or washed method (fruit skin and pulp are removed before drying). Organic and Fair Trade certified, the latter meaning they were purchased from small-holding farmers at a ‚Äúfair‚Äù or economically sustainable price. Reunion Island Coffee is a quality-oriented roasting company founded by Canadian specialty coffee veteran Peter Pesce. Visit www.reunionislandcoffee.com or call 800-565-5950 for more information.'),
(160, 10, 95, '2024-11-17 00:00:00', 'Produced by the Thiriku Coffee Growers Cooperative Society from trees of the SL-28, SL-34 and Ruiru varieties of Arabica. Processed by a particularly meticulous Kenya variation on the traditional wet or ‚Äúwashed‚Äù method, in which skin and fruit flesh are removed from the beans or seeds before they are dried. AA is the highest grade of Kenya coffee based on bean size and freedom from imperfections. Roasted at PT‚Äôs Coffee, where the motto is ‚Äúwithout the love, it‚Äôs just coffee.‚Äù Visit www.ptscoffee.com or call 888-678-5282 for more information.'),
(161, 11, 93, '2024-11-17 00:00:00', 'Southern Ethiopia coffees like this one are produced from distinctive traditional Ethiopian varieties of Arabica long grown in the region. Like virtually all southern Ethiopia coffees, this coffee is produced by villagers on small garden plots interplanted with food and other subsistence crops. Processed by the dry or ‚Äúnatural‚Äù method, meaning the beans were dried inside the fruit rather than after the fruit has been removed, as is the case with wet-processed or \"washed\" coffees. Kakalove Caf√© is a nano-roaster located in the small city of Chia-Yi in Taiwan that strives to procure and roast the finest quality coffee. Visit www.kakalovecafe.com.tw or email [email¬†protected] for more information'),
(162, 12, 92, '2024-11-17 00:00:00', 'Coffees in this blend are all fully wet-processed or ‚Äúwashed‚Äù and certified organically grown in both Canada and the U.S. Since 1997, Level Ground Trading has been an importer and roaster based in Victoria, Canada, focused on direct trade with small-scale producers in developing countries and on marketing their products throughout North America. Visit www.levelground.com or call 888-565-6633 for more information.'),
(163, 13, 90, '2024-11-17 00:00:00', 'Southern Ethiopia coffees like this one are produced from distinctive traditional Ethiopian varieties of Arabica long grown in the region. This is a dry-processed or ‚Äúnatural‚Äù version, meaning the beans were dried inside the fruit rather than after the fruit has been removed, as is the case with wet-processed or ‚Äúwashed‚Äù coffees. ¬†Decaffeinated at the Descamex plant in Mexico by the ‚ÄúMountain Water Process‚Äù which does not involve use of solvents. Old Soul is a roastery, bakery and crafter of artisanal goods dedicated to quality in every form. Visit www.oldsoulco.com or call 916-443-7685 for more information.'),
(164, 14, 92, '2024-11-17 00:00:00', 'Produced in Yirgacheffe, a coffee region in southern Ethiopia that produces particularly distinctive coffees from traditional varieties of Arabica long grown in the region. Yirgacheffe coffees like this one processed by the wet or washed method (fruit skin and pulp are removed before drying) typically express great aromatic complexity and intensity. Like virtually all Yirgacheffe coffees, this coffee is produced by villagers on small garden plots interplanted with food and other subsistence crops. A.R.C., whose motto is ‚Äúmore than specialty,‚Äù rigorously controls three vital elements: sourcing of green coffee, roasting, and, in cafe environments, water quality for brewed coffee. For more information, visit http://www.arc.coffee/en/index.html.'),
(165, 15, 91, '2024-11-17 00:00:00', 'Yirgacheffe is a coffee region in southern Ethiopia that produces distinctive coffees from traditional varieties of Arabica long grown in the region. This is a ‚Äúnatural‚Äù or dry-processed version, meaning the beans were dried inside the fruit, encouraging a flavor profile that is less predictable and deeper than the more familiar wet-processed floral- and citrus-toned Yirgacheffe profile. Like virtually all southern Ethiopia coffees, this coffee is produced by villagers on small, garden plots interplanted with food and other subsistence crops. A.R.C., whose motto is ‚Äúmore than specialty,‚Äù rigorously controls three vital elements: sourcing of green coffee, roasting, and, in cafe environments, water quality for brewed coffee. For more information, visit http://www.arc.coffee/en/index.html'),
(166, 16, 95, '2024-11-17 00:00:00', 'An espresso blend comprised of coffees from Ethiopia, Kenya and the Yunnan Province of China. A.R.C., whose motto is ‚Äúmore than specialty,‚Äù rigorously controls three vital elements: sourcing of green coffee, roasting, and, in cafe environments, water quality for brewed coffee. For more information, visit http://www.arc.coffee/en/index.html.'),
(167, 17, 87, '2024-11-17 00:00:00', 'Produced from trees of the Caturra and Castillo varieties of Arabica and decaffeinated at origin using ethyl acetate, a natural solvent derived from sugar cane. Bootstrap is the definition of a quality dedicated nano-roaster, with every bag carefully prepared by the roaster himself. Visit www.bootstrapcoffeeroasters.com for more information.'),
(168, 18, 93, '2024-11-17 00:00:00', 'Southern Ethiopia coffees like this one are produced from distinctive traditional Ethiopian varieties of Arabica long grown in the region. Like virtually all southern Ethiopia coffees, this coffee is produced by villagers on small garden plots interplanted with food and other subsistence crops. Processed by the wet or washed method (fruit skin and pulp are removed before drying). Paradise Roasters specializes in micro-lot Arabica and Robusta coffees from Asia and other emerging origins. The company prides itself on quality and freshness, craft-roasting coffees in small batches only after orders are placed. Visit www.paradiseroasters.com or call 763-433-0626 for more information.'),
(169, 19, 97, '2024-11-17 00:00:00', 'This exceptional coffee was selected as the No. 2 coffee on Coffee Review‚Äôs list of the Top 30 Coffees of 2017.¬† Hula Daddy is a boutique coffee producer with farms at the 1,400 and 2,500 foot levels of the Mount Hualalai volcano near the northern end of the Kona growing district, five minutes above the town of Kailua-Kona. This coffee was produced entirely from trees of the distinguished SL-28 variety of Arabica, the most celebrated of the Bourbon-derived tree varieties responsible for Kenya‚Äôs finest coffees. This SL-28 was grown at the higher elevation Hula Daddy farm and processed with the ferment step conducted ‚Äúdry‚Äù (no water added to the tank) using a commercial yeast. It is a limited edition coffee only available for sale through the allocation list on the Hula Daddy website. Visit www.huladaddy.com or call 888-553-2339 for more information.'),
(170, 20, 95, '2024-11-17 00:00:00', 'Produced from trees of the admired SL-28 and SL-34. Despite grower discontent and urban encroachment on prime coffee lands, Kenya continues to produce some of the world‚Äôs most elegant and distinctive coffees. Kakalove Caf√© is a nano-roaster located in the small city of Chia-Yi in Taiwan that strives to procure and roast the finest quality coffee. Visit www.kakalovecafe.com.tw or email [email¬†protected] for more information.'),
(171, 21, 92, '2024-11-17 00:00:00', 'Despite grower discontent and urban encroachment on prime coffee lands, Kenya continues to produce some of the world‚Äôs most elegant and distinctive coffees. This coffee is the result of a partnership between the Othaya and Aguthi Cooperatives and Royal Coffee, intended to create a methodology for isolating and enhancing the highest quality coffees coming from these cooperatives. Produced from trees of the SL28, SL34, Ruiru 11 and Batian varieties of Arabica. AA is the highest grade of Kenya coffee based on bean size and freedom from physical imperfections. Jackrabbit Java selects the finest coffees from around the world and roasts them in Thermopolis, Wyoming‚Äôs mountain air. All Jackrabbit Java coffees are specialty-grade and roasted to order.¬†Visit www.jackrabbitjava.com for more information.'),
(172, 22, 95, '2024-11-17 00:00:00', 'Southern Ethiopia coffees like this one are produced from distinctive traditional Ethiopian varieties of Arabica long grown in the region. Like virtually all southern Ethiopia coffees, this coffee is produced by villagers on small garden plots interplanted with food and other subsistence crops. Processed by the wet or washed method (fruit skin and pulp are removed before drying). Kakalove Caf√© is a nano-roaster located in the small city of Chia-Yi in Taiwan that strives to procure and roast the finest quality coffee. Visit www.kakalovecafe.com.tw or email [email¬†protected] for more information.'),
(173, 23, 93, '2024-11-17 00:00:00', 'A blend of coffees from Mexico, Ethiopia and Brazil. Propeller is a Toronto-based micro-roaster with a dedication to careful selection and exceptional craft roasting of high-end coffees. Visit www.propellercoffee.com or call 416-479-3771 for more information.'),
(174, 24, 94, '2024-11-17 00:00:00', 'A blend of coffees from Mexico and Ethiopia. Propeller is a Toronto-based micro-roaster with a dedication to careful selection and exceptional craft roasting of high-end coffees. Visit www.propellercoffee.com or call 416-479-3771 for more information.'),
(175, 25, 94, '2024-11-17 00:00:00', 'Produced by farmers of the Mutungati Cooperative from trees of the SL28, SL34, and Ruiru 11 varieties of Arabica. Despite grower discontent and urban encroachment on prime coffee lands, Kenya continues to produce some of the world‚Äôs most elegant and distinctive coffees. Propeller is a Toronto-based micro-roaster with a dedication to careful selection and exceptional craft roasting of high-end coffees. Visit www.propellercoffee.com or call 416-479-3771 for more information.'),
(176, 26, 93, '2024-11-17 00:00:00', 'Produced by Juan Luis Barrios Ortega from trees of the Bourbon-derived Pache variety of Arabica. Processed by the dry or ‚Äúnatural‚Äù method, meaning the beans were dried inside the fruit rather than after the fruit has been removed, as is the case with wet-processed or \"washed\" coffees. Chocolate Fish is a distinguished New-Zealand-inspired micro-roaster based in Sacramento California, focused on the best in both quality and integrity.Visit www.chocolatefishcoffee.com or call 916-451-5181 for more information.'),
(177, 27, 92, '2024-11-17 00:00:00', 'Produced from trees of the SL28, SL34 and Ruiru 11 varieties of Arabica and processed by the wet or ‚Äúwashed‚Äù method, in which skin and fruit flesh are removed from the beans or seeds before they are dried. This sample consists entirely of peaberries, a kind of bean that results when the coffee fruit develops only a single, oval bean rather than the usual pair of flat-sided beans. Peaberries produce a somewhat different (often better) cup than normal beans from the same crop, from which they may or may not be separated during grading. Despite grower discontent and urban encroachment on prime coffee lands, Kenya continues to produce some of the world‚Äôs most elegant and distinctive coffees. Caff√® Luxxe is an Italian-inflected artisan roaster and retailer that emphasizes both its coffee knowledge and precision and its straightforward lack of pretension. Visit www.caffeluxxe.com or call 310-394-2222 for more information.'),
(178, 28, 89, '2024-11-17 00:00:00', 'Processed by the wet or ‚Äúwashed‚Äù method, in which skin and fruit flesh are removed from the beans or seeds before they are dried. Espresso Republic, founded in 2010, specializes in sourcing quality coffees and roasting them in small batches for both retail and wholesale customers. Visit www.espressorepublic.com for more information.'),
(179, 29, 93, '2024-11-17 00:00:00', 'Produced by the smallholders of the New Ngariama Farmers Cooperative Society from trees of the SL-28, SL-34 and Ruiru 11 varieties of Arabica. Processed at Kamwangi Washing Station by the particularly meticulous Kenya variation on the traditional wet or ‚Äúwashed‚Äù method, in which skin and fruit flesh are removed from the beans or seeds before they are dried. Founded in 1990, Lexington Coffee is an award-winning artisan roasting company based in Virginia. Lexington‚Äôs focus on fresh, flavorful and sustainable coffee is reflected in its motto, ‚ÄúFresh, Flavorful & Fair.‚Äù Visit www.lexingtoncoffee.com or call 800-322-6505 for more information.'),
(180, 30, 92, '2024-11-17 00:00:00', 'Southern Ethiopia coffees like this one are produced from distinctive traditional Ethiopian varieties of Arabica long grown in the region. Like virtually all southern Ethiopia coffees, this coffee is produced by villagers on small garden plots interplanted with food and other subsistence crops. This is a dry-processed or ‚Äúnatural‚Äù coffee, meaning the beans were dried inside the fruit rather than after the fruit has been removed, as is the case with wet-processed or ‚Äúwashed‚Äù coffees. Big Creek Coffee Roasters is a small, quality-oriented batch roaster located in Montana‚Äôs Bitterroot Valley. Visit www.bigcreekcoffeeroasters.com or call 406-375-7508 for more information.'),
(181, 31, 93, '2024-11-17 00:00:00', 'This coffee tied for the second-highest rating in a tasting of 71 organic-certified coffees from Africa for Coffee Review‚Äôs November 2017 tasting report. Produced by the METAD farm and mill in southern Ethiopia. Southern Ethiopia produces distinctive coffees from traditional varieties of Arabica long grown in the region. This is a ‚Äúnatural‚Äù or dry-processed version, meaning the beans were dried inside the fruit rather than after the fruit has been removed, as is the case with wet-processed or ‚Äúwashed‚Äù coffees. Certified USDA organic. Based in southern Oregon, Noble Coffee is a wholesale and retail roasting company focused on quality, social responsibility and environmental consciousness. Visit www.noblecoffeeroasting.com or call 541-488-3288 for more information.'),
(182, 32, 93, '2024-11-17 00:00:00', 'This coffee tied for the second-highest rating in a tasting of 71 organic-certified coffees from Africa for Coffee Review‚Äôs November 2017 tasting report. Southern Ethiopia coffees like this one are produced from distinctive traditional Ethiopian varieties of Arabica long grown in the region. Like virtually all southern Ethiopia coffees, this coffee is produced by villagers on small garden plots interplanted with food and other subsistence crops. This is a dry-processed or ‚Äúnatural‚Äù coffee, meaning the beans were dried inside the fruit rather than after the fruit has been removed, as is the case with wet-processed or ‚Äúwashed‚Äù coffees. Red E Cafe is a popular caf√© ¬†and roastery in Portland, Oregon. For more information, visit.www.theredecafe.com.'),
(183, 33, 92, '2024-11-17 00:00:00', 'This coffee tied for the third-highest rating in a tasting of 71 organic-certified coffees from Africa for Coffee Review‚Äôs November 2017 tasting report. Yirgacheffe is a coffee region in southern Ethiopia that produces distinctive coffees from traditional varieties of Arabica long grown in the region. This is a ‚Äúnatural‚Äù or dry-processed version, meaning the beans were dried inside the fruit, encouraging a flavor profile that is less predictable and deeper than the more familiar wet-processed floral- and citrus-toned Yirgacheffe profile. Like virtually all southern Ethiopia coffees, this coffee is produced by villagers on small, garden plots interplanted with food and other subsistence crops. Certified USDA organic. Named after the cofounders‚Äô son, Ben, Ben‚Äôs Beans prides itself on ethical sourcing, as well as in donating a portion of proceeds to charities in the coffee-producing regions they work with. Visit www.bensbeans.org for more information.'),
(184, 34, 89, '2024-12-17 00:00:00', 'Decaffeinated at the Descamex plant in Mexico by the ‚ÄúMountain Water Process‚Äù which does not involve use of solvents. Espresso Republic, founded in 2010, specializes in sourcing quality coffees and roasting them in small batches for both retail and wholesale customers. Visit www.espressorepublic.com for more information.'),
(185, 35, 93, '2024-12-17 00:00:00', 'This coffee tied for the fourth-highest rating in a tasting of holiday coffees for Coffee Review‚Äòs December 2017 tasting report. Yirgacheffe is a coffee region in southern Ethiopia that produces distinctive coffees from traditional varieties of Arabica long grown in the region. This is a ‚Äúnatural‚Äù or dry-processed version, meaning the beans were dried inside the fruit, encouraging a flavor profile that is less predictable and deeper than the more familiar wet-processed floral- and citrus-toned Yirgacheffe profile. Like virtually all southern Ethiopia coffees, produced by villagers on small, garden plots interplanted with food and other subsistence crops. Roast House is a small-batch, quality-focused roaster specializing in farm-direct organic-certified and Fair Trade Certified coffees. Visit roasthousecoffee.com or call 509-995-6500 for more information.'),
(186, 36, 93, '2024-12-17 00:00:00', 'This coffee tied for the fourth-highest rating in a tasting of holiday coffees for Coffee Review‚Äòs December 2017 tasting report. A blend of coffees from Ethiopia, Kenya and Colombia. Established in 2010, Red Rooster is an organic-certified micro-roaster focusing on socially conscious coffee and high-quality coffee. Visit redroostercoffee.com or call 540-745-7338 for more information.'),
(187, 37, 93, '2024-12-17 00:00:00', 'This coffee tied for the fourth-highest rating in a tasting of holiday coffees for Coffee Review‚Äòs December 2017 tasting report. Produced entirely from trees of the Bourbon variety of Arabica by small-holding farmers around Virunga Coffee, which began collaborating with local cooperatives in 2011 to improve the quality of coffee production in this emerging growing region in the far east of the Democratic Republic of the Congo, across Lake Kivu from Rwanda. This is a wet-processed or ‚Äúwashed‚Äù coffee, meaning the fruit skin and pulp were removed from the beans immediately after harvesting and before drying. Speckled Ax is a roaster based in Portland, Maine, specializing in high-quality certified organic and small-lot coffees. The company roasts in a vintage wood-fired Petroncini roaster with the goal of highlighting each coffee‚Äôs best attributes. Visit www.speckledax.com for more information.'),
(188, 38, 93, '2024-12-17 00:00:00', 'This coffee tied for the fourth-highest rating in a tasting of holiday coffees for Coffee Review‚Äòs December 2017 tasting report. A blend of two Ethiopia coffees (a wet-processed Banko Gotiti and a natural-processed Yirgacheffe Aricha), a honey-processed Costa Rica and a wet-processed Panama Elida Chiriqui. Roaster Yu Chih Hao is co-founder of Fumi Coffee, a new roaster in Hsinchu, Taiwan specializing in specialty coffee and homemade desserts. Visit https://m.facebook.com/fumicafe035586631/ for more information.'),
(189, 39, 95, '2024-12-17 00:00:00', 'This coffee tied for the second-highest rating in a tasting of holiday coffees for Coffee Review‚Äòs December 2017 tasting report. Produced by Thaitu Coffee Estate from trees of the SL28, SL34 and Ruiru 11 varieties of Arabica. Despite grower discontent and urban encroachment on prime coffee lands, Kenya continues to produce some of the world‚Äôs most elegant and distinctive coffees. Good Folks Coffee is a wholesale roaster based in Louisville, Kentucky. Visit www.goodfolkscoffee.com for more information.'),
(190, 40, 94, '2024-12-17 00:00:00', 'This coffee tied for the third-highest rating in a tasting of holiday coffees for Coffee Review‚Äòs December 2017 tasting report. A blend of Kenya coffees from two different cooperatives, Kamwangi and Kainamui, both produced from trees of the SL28 and Ruiru 11 varieties of Arabica. Flight Coffee (formerly CQ Coffee Roasters) is a coffee-loving, quality-focused roasting company based in Bedford, New Hampshire.Visit www.flightcoffeeco.com or call 603-836-6228 for more information.'),
(191, 41, 93, '2024-12-17 00:00:00', 'This coffee tied for the fourth-highest rating in a tasting of holiday coffees for Coffee Review‚Äòs December 2017 tasting report. Comprised entirely of the much admired, bold-bean Pacamara variety of Arabica, a cross between the giant-beaned Maragogipe variety and Pacas, a selection of the heirloom Bourbon. Processed by the honey method, which means that the outer skin of the coffee fruit is removed as it is in the wet or ‚Äúwashed‚Äù process, but at least some of the sticky fruit residue is allowed to dry on the bean and later removed by machine along with the parchment skin. Los Congos, established in 1997, is an award-winning farm run by the Paguaga family, leading Nicaraguan coffee producers for several generations. Dragonfly Coffee is a Boulder, Colorado-based micro-roaster that produces high-quality coffees and supports worthy causes. Visit www.dragonflycoffeeroasters.com or call 303-579-2154 for more information.'),
(192, 42, 93, '2024-12-17 00:00:00', 'This coffee tied for the fourth-highest rating in a tasting of holiday coffees for Coffee Review‚Äòs December 2017 tasting report. Produced by Ricardo and Gonzalo Hernandez entirely of beans from the rare Sudan Rume, a presumably very old variety of Arabica originally selected from wild trees growing on the Boma Plateau of Sudan, close to the border with Ethiopia. This is a wet-processed or ‚Äúwashed‚Äù version, meaning that the fruit skin and pulp were removed from the seeds or beans before they were dried. OQ Coffee is a New Jersey-based small-batch roasting company that emphasizes its commitment to coffee quality and community-building. Visit www.oqcoffee.com for more information.'),
(193, 43, 94, '2024-12-17 00:00:00', 'This coffee tied for the third-highest rating in a tasting of holiday coffees for Coffee Review‚Äòs December 2017 tasting report. Southern Ethiopia coffees like this one are produced from distinctive traditional Ethiopian varieties of Arabica long grown in the region. Like virtually all southern Ethiopia coffees, this coffee is produced by villagers on small garden plots interplanted with food and other subsistence crops. This is a dry-processed or ‚Äúnatural‚Äù coffee, meaning the beans were dried inside the fruit rather than after the fruit has been removed, as is the case with wet-processed or ‚Äúwashed‚Äù coffees. ¬†Green Stone Coffee is a woman-owned artisan roastery in Taipei, founded in 2016 and specializing in sourcing distinctive coffees that express their individual terroirs. Visit http://www.greenstone-coffee.com.tw/en/info.html for more information.'),
(194, 44, 96, '2024-12-17 00:00:00', 'This exceptional coffee was selected as the No. 8 coffee on Coffee Review‚Äôs list of the Top 30 Coffees of 2017, and it earned the highest rating in a tasting of holiday coffees for Coffee Review‚Äòs December 2017 tasting report. Produced from trees of the rare Ethiopia-derived botanical variety Gesha (also Geisha) by farmer Roberto Brenes of Auromar Estate. With its generally elongated beans and distinctive floral and crisp, often chocolaty cup, the Gesha variety continues to distinguish itself as one of the world‚Äôs most unique coffees. This is a dry-processed or ‚Äúnatural‚Äù Gesha, meaning the beans were dried inside the fruit rather than after the fruit has been removed, as is the case with wet-processed or ‚Äúwashed‚Äù coffees. Willoughby‚Äôs Coffee & Tea is a pioneer specialty coffee roaster established in the early 1980s that has gracefully and successfully moved with the times and now offers a menu of extremely refined small-lot, single-origin coffees. Visit www.willoughbyscoffee.com or call 800-388-8400 for more information.'),
(195, 45, 95, '2024-12-17 00:00:00', 'This exceptional coffee was selected as the No. 16 coffee on Coffee Review‚Äôs list of the Top 30 Coffees of 2017, and it tied for the second-highest rating in a tasting of holiday coffees for Coffee Review‚Äòs December 2017 tasting report. Finca Kilimanjaro is an El Salvador farm named after East Africa‚Äôs highest peak by Aida Batlle, one of El Salvador‚Äôs (and Central America‚Äôs) most respected and innovative coffee producers. Finca Kilimanjaro is planted with the famous SL28 variety of Arabica, the variety that produces the finest coffees of Kenya. This a dry-processed or ‚Äúnatural‚Äù coffee, meaning the beans were dried inside the fruit rather than after the fruit has been removed, as is the case with wet-processed or ‚Äúwashed‚Äù coffees. Based in the San Diego area, Bird Rock Coffee Roasters is a retailer and wholesaler focused on organic and socially responsible coffees; it was awarded the ‚Äú2012 Micro-Roaster of the Year‚Äù title from Roast Magazine. Visit www.birdrockcoffee.com or call 858-551-1707 for more information.'),
(196, 46, 94, '2024-12-17 00:00:00', 'This coffee tied for the third-highest rating in a tasting of holiday coffees for Coffee Review‚Äòs December 2017 tasting report. Produced entirely from trees of the respected Catuai variety of Arabica. The Lamastus family‚Äôs Elida Estate averages the highest growing elevations in Panama: 5,500 to 8,200 feet (1,700 to 2,500 meters). This is a ‚Äúnatural‚Äù or dry-processed coffee, meaning the beans were dried inside the fruit, encouraging a flavor profile that is sweeter and deeper-toned than the more familiar wet-processed coffees of Panama. Founded in 1995, Equator Coffees & Teas is a women-owned wholesale coffee roasting company that focuses on sustainability in coffee-sourcing and business practices. Visit www.equatorcoffees.com or call 800-809-7687 for more information.'),
(197, 47, 96, '2024-11-17 00:00:00', 'Despite grower discontent and urban encroachment on prime coffee lands, Kenya continues to produce some of the world‚Äôs most elegant and distinctive coffees. JBC Coffee Roasters‚Äô vision is simple: ‚Äúlet the coffee lead the way‚Äù through sourcing and roasting the best and most unique coffees available and rewarding the farmers who grow those coffees with substantial premiums. Visit www.jbccoffeeroasters.com or call 608-256-5282 for more information.'),
(198, 48, 95, '2024-11-17 00:00:00', 'This exceptional coffee was selected as the No. 7 coffee on Coffee Review‚Äôs list of the Top 30 Coffees of 2017. Produced by Heakyung Kang Burneskis of Finca Don Julian in full rustic shade and processed by the traditional wet or ‚Äúwashed‚Äù method, in which skin and fruit flesh are removed from the beans or seeds before they are dried. This lot is comprised entirely of the much admired, bold-bean Pacamara variety of Arabica, a cross between the giant-beaned Maragogipe variety and Pacas, a selection of the heirloom Bourbon. Willoughby‚Äôs Coffee & Tea is a pioneer specialty coffee roaster established in the early 1980s that has gracefully and successfully moved with the times and now offers a menu of extremely refined small-lot, single-origin coffees. Visit www.willoughbyscoffee.com or call 800-388-8400 for more information.'),
(199, 49, 95, '2024-11-17 00:00:00', 'This exceptional coffee was selected as the No. 10 coffee on Coffee Review‚Äôs list of the Top 30 Coffees of 2017. Bourbon Pointu, botanical name var. Laurina, is a rare variety of Arabica that is a natural mutation of the famous Bourbon variety first selected on Reunion Island in the Indian Ocean. The Bourbon Pointu is famous for its natural low levels of caffeine, bean shape (small and tending to be pointed at the ends, hence ‚Äúpointu‚Äù), and pungently fruit-toned, Bourbon-like cup. This version was produced in Kona, Hawaii and processed with the ferment step conducted ‚Äúdry‚Äù (no water added to the tank) using a commercial yeast. Hula Daddy is a boutique coffee producer with farms at the 1,400 and 2,500 foot levels of the Mount Hualalai volcano near the northern end of the Kona growing district, five minutes above the town of Kailua-Kona. This rare coffee is only available on the Hula Daddy website through their allocation list. Visit www.huladaddy.com or call 888-553-2339 for more information.'),
(200, 50, 95, '2024-11-17 00:00:00', 'Produced on the single-family Muchoki Estate from trees of the admired Bourbon-derived SL-28 variety of Arabica together with the Ruiru 11 variety. AB is the second-highest grade of Kenya coffee based on bean size and freedom from physical defects. Despite grower discontent, confusing government coffee policy and urban encroachment on prime coffee lands, Kenya continues to produce some of the world‚Äôs most elegant and distinctive coffees. Klatch Coffee is an award-winning small-batch roasting company in the Los Angeles area with a long list of recognitions and awards achieved both by the company and by key team members, like resident trainer Heather Perry, who won both the 2003 and 2007 United States Barista Championships brewing a Klatch Coffee espresso blend, and Klatch Wholesale Account Manager Todd Goldsworthy, two-time United States Brewers Cup winner. Visit www.klatchroasting.com or call 877-455-2824 for more information.'),
(201, 51, 93, '2024-11-17 00:00:00', 'Paradise Roasters specializes in micro-lot Arabica and Robusta coffees from Asia and other emerging origins. The company prides itself on quality and freshness, craft-roasting coffees in small batches only after orders are placed. Visit www.paradiseroasters.com or call 763-433-0626 for more information.'),
(202, 52, 95, '2024-11-17 00:00:00', 'This exceptional coffee was selected as the No. 22 coffee on Coffee Review‚Äôs list of the Top 30 Coffees of 2017. With its generally elongated beans and distinctive floral and crisp, often chocolaty cup, the Gesha (also Geisha) variety continues to distinguish itself as one of the world‚Äôs most unique coffees. This a dry-processed or \"natural\" coffee, meaning the beans were dried inside the fruit rather than after the fruit has been removed, as is the case with wet-processed or \"washed\" coffees. It was produced by farmer Edwin Santamaria, and took third place in the 2017 Best of Panama green coffee competition in the Geisha Natural category. Campos Coffee is committed to sourcing the finest coffees, with a focus on ethical and sustainable practices. Campos has locations in New South Wales, Victoria and Queensland, as well as Park City and Salt Lake City, Utah. For more information, visit camposcoffee.com.'),
(203, 53, 93, '2024-01-18 00:00:00', 'Ka‚Äôu is an emerging Hawaii coffee-growing district centered approximately 30 miles southeast of the famous Kona region. This Ka‚Äôu is produced by the Palehua Ohana Cooperative of small-holding Ka‚Äôu farmers, an organization dedicated to impeccable socio-economic and environmental practices. It was processed using the wet or ‚Äúwashed‚Äù method, in which skin and fruit flesh are removed from the beans or seeds before they are dried. Visit www.kauspecialtycoffee.com for more information.'),
(204, 54, 93, '2024-01-18 00:00:00', 'Yirgacheffe is a coffee region in southern Ethiopia that produces distinctive coffees from traditional varieties of Arabica long grown in the region. This is a ‚Äúnatural‚Äù or dry-processed version, meaning the beans were dried inside the fruit, encouraging a flavor profile that is less predictable and deeper than the more familiar wet-processed floral- and citrus-toned Yirgacheffe profile. Like virtually all southern Ethiopia coffees, produced by villagers on small, garden plots interplanted with food and other subsistence crops. In addition to his retail roasting operation, Aroma Roast Coffees, Simon Hsieh also operates Soaring Phoenix Trading, a business focused on purpose-built commercial espresso blends and high quality single-origin coffees. Visit¬†www.facebook.com/4ArtsZeroDefectCoffees¬†or call 886-0983-749876 for more information.'),
(205, 55, 92, '2024-12-17 00:00:00', 'Produced by growers associated with the Karinga wet mill or washing station. Despite grower discontent, contested government coffee policy and urban encroachment on prime coffee lands, the famed Kenya coffee auction system and its participating cooperatives continue to produce some of the world\'s most elegant and distinctive coffees. Processed by a particularly meticulous Kenya variation on the traditional wet or ‚Äúwashed‚Äù method, in which skin and fruit flesh are removed from the beans or seeds before they are dried. The company name Amavida combines the Spanish words for love and life, reflecting Amavida‚Äôs multifaceted commitment to fairness and fine coffee.Visit www.amavida.com or call 850-213-1965 for more information.'),
(206, 56, 91, '2024-12-17 00:00:00', 'Doi Pangkhon is an emerging growing district in the Golden Triangle region of northern Thailand. This Arabica coffee from classic cultivars was processed by a particularly meticulous version of the wet or ‚Äúwashed‚Äù method, in which skin and fruit flesh are removed from the beans or seeds before they are dried. It was roasted in a style intended for both espresso and non-espresso brewing methods. Paradise Roasters specializes in micro-lot Arabica and Robusta coffees from Asia and other emerging origins. The company prides itself on quality and freshness, craft-roasting coffees in small batches only after orders are placed. Visit www.paradiseroasters.com or call 763-433-0626 for more information.'),
(207, 57, 96, '2024-12-17 00:00:00', 'Coffees from the northern part of the Indonesian island of Sumatra are admired for their complex earth and fruit notes that appear to result largely from unorthodox fruit removal and drying practices called ‚Äúwet hulling.‚Äù This is a splendid example of the potential of the type. Ulos Batak is the name applied by the cooperative exporter Klasik Beans to a premium grade of its small-producer wet-hulled coffee from the Lintong region south of Lake Toba. Lintong is one of the longest-established growing regions in Sumatra and probably the most admired. JBC Coffee Roasters‚Äô vision is simple: ‚Äúlet the coffee lead the way‚Äù through sourcing and roasting the best and most unique coffees available and rewarding the farmers who grow those coffees with substantial premiums. Visit www.jbccoffeeroasters.com or call 608-256-5282 for more information.'),
(208, 58, 91, '2024-12-17 00:00:00', 'Produced by the Resguardo Indigena Nasa We‚Äôsx indigenous community in Gaitania, Colombia, associated with the Paez and Nasa tribes of southern Cauca. From trees of the Castillo, Caturra, Colombia and Typica varieties of Arabica. This coffee is organic and Fair Trade certified, the latter meaning it was purchased from small-holding farmers at a ‚Äúfair‚Äù or economically sustainable price. It is a wet-processed or ‚Äúwashed‚Äù coffee, meaning the fruit skin and pulp were removed from the beans immediately after harvesting and before drying. JBC Coffee Roasters‚Äô vision is simple: ‚Äúlet the coffee lead the way‚Äù through sourcing and roasting the best and most unique coffees available and rewarding the farmers who grow those coffees with substantial premiums. Visit www.jbccoffeeroasters.com or call 608-256-5282 for more information.'),
(209, 59, 95, '2024-12-17 00:00:00', 'Coffee from trees of the botanical variety Gesha (also Geisha) grown on Price Peterson‚Äôs Hacienda La Esmeralda in Panama first introduced this extraordinary variety of Arabica to the world. With its bold, boat-shaped beans and distinctive floral and crisply cacao-toned cup, the Gesha continues to be one of the world‚Äôs most sought-after coffees, and the Esmeralda versions remain among the most authentic. This is a wet-processed or ‚Äúwashed‚Äù version, meaning the fruit skin and pulp were removed from the beans immediately after harvesting and before drying. Roasted at PT‚Äôs Coffee, where the motto is ‚Äúwithout the love, it‚Äôs just coffee.‚Äù Visit www.ptscoffee.com or call 888-678-5282 for more information.'),
(210, 60, 93, '2024-12-17 00:00:00', 'Produced from trees of the rare Ethiopia-derived botanical variety Gesha (also Geisha) by farmer Roberto Brenes of Auromar Estate. With its generally elongated beans and distinctive floral and crisp, often chocolaty cup, the Gesha variety continues to distinguish itself as one of the world‚Äôs most unique coffees. This is a dry-processed or ‚Äúnatural‚Äù Gesha, meaning the beans were dried inside the fruit rather than after the fruit has been removed, as is the case with wet-processed or ‚Äúwashed‚Äù coffees. Roasted at PT‚Äôs Coffee, where the motto is ‚Äúwithout the love, it‚Äôs just coffee.‚Äù Visit www.ptscoffee.com or call 888-678-5282 for more information.'),
(211, 61, 92, '2024-12-17 00:00:00', 'Haraz (also Haraaz, other spellings) is a celebrated coffee growing region in north-central Yemen, west of the capital of Sana‚Äôa. Although Ethiopia is the botanical home of Coffea Arabica, Yemen introduced the beverage to the rest of the world in the 16th and 17th centuries, and Yemeni coffee is still grown from ancient heirloom cultivars of arabica on stone-walled terraces ringing fortress-like mountaintop villages. All Yemen coffees are natural-processed, or dried in the whole fruit. Roasted at PT‚Äôs Coffee, where the motto is ‚Äúwithout the love, it‚Äôs just coffee.‚Äù Visit www.ptscoffee.com or call 888-678-5282 for more information.'),
(212, 62, 92, '2024-12-17 00:00:00', 'Certified organic. Produced entirely from trees of the Kona Typica variety of Arabica. This is a ‚Äúnatural‚Äù or dry-processed coffee, meaning the beans were dried inside the fruit, encouraging a flavor profile that is sweeter and deeper-toned than profiles associated with the more typical wet or ‚Äúwashed‚Äù process (fruit is removed before drying). Hala Tree Coffee is a family-owned organic Kona coffee farm located near Captain Cook village, in the heart of the Kona coffee belt, overlooking historic Kealakekua Bay. The USDA organic-certified property now produces 100% Kona coffee that is processed and roasted on site to ensure quality in each bag of coffee. For more information, visit www.halatreecoffee.com.'),
(213, 63, 93, '2024-12-17 00:00:00', 'Produced by the Ortega family entirely from trees of the heirloom Bourbon variety of Arabica. This is a wet-processed or ‚Äúwashed‚Äù coffee, meaning the fruit skin and pulp were removed from the beans immediately after harvesting and before drying. Chocolate Fish is a distinguished New-Zealand-inspired micro-roaster based in Sacramento California, focused on the best in both quality and integrity.Visit www.chocolatefishcoffee.com or call 916-451-5181 for more information.'),
(214, 64, 94, '2024-12-17 00:00:00', 'Produced by Markus Fisher at Finca La Bastilla entirely from trees of the respected Red Catuai variety of Arabica. Processed by the wet or ‚Äúwashed‚Äù method, in which skin and fruit flesh are removed from the beans or seeds before they are dried. Barrington Coffee is an artisan roaster dedicated to elite coffees, fresh delivery and roasting that foregrounds the coffee and not the roast. Visit www.barringtoncoffee.com or call 800-528-0998 for more information.'),
(215, 65, 95, '2024-12-17 00:00:00', 'Produced by smallholding farmers from trees of the Ruiru 11, Batian, SL28 and SL34 varieties of Arabica. Despite grower discontent and urban encroachment on prime coffee lands, Kenya continues to produce some of the world‚Äôs most elegant and distinctive coffees. This particular sample consists entirely of peaberries, a kind of bean that results when the coffee fruit develops only a single, oval bean rather than the usual pair of flat-sided beans. Peaberries produce a somewhat different (often better) cup than normal beans from the same crop, from which they may or may not be separated during grading. Speckled Ax is a roaster based in Portland, Maine, specializing in high-quality certified organic and small-lot coffees. The company roasts in a vintage wood-fired Petroncini roaster with the goal of highlighting each coffee‚Äôs best attributes. Visit www.speckledax.com for more information.');
INSERT INTO `products_beans_reviews` (`products_beans_review_id`, `products_beans_id`, `rating`, `review_date`, `description`) VALUES
(216, 66, 93, '2024-12-17 00:00:00', 'Honduras, until recently a largely overlooked Central American coffee origin, has been producing increasing volumes of fine coffee over the past decade. Produced entirely from trees of the Catuai variety of Arabica and processed by the honey method, which means that the outer skin of the coffee fruit is removed as it is in the wet or ‚Äúwashed‚Äù process, but at least some of the sticky fruit residue is allowed to dry on the bean and later removed by machine along with the parchment skin. Kakalove Caf√© is a nano-roaster located in the small city of Chia-Yi in Taiwan that strives to procure and roast the finest quality coffee. Visit www.kakalovecafe.com.tw or email [email¬†protected] for more information.'),
(217, 67, 92, '2024-12-17 00:00:00', 'Produced by smallholding farmers from trees of the Ruiru 11, Batian, SL28 and SL34 varieties of Arabica. Despite grower discontent and urban encroachment on prime coffee lands, Kenya continues to produce some of the world‚Äôs most elegant and distinctive coffees. Espresso Republic, founded in 2010, specializes in sourcing quality coffees and roasting them in small batches for both retail and wholesale customers. Visit www.espressorepublic.com for more information.'),
(218, 68, 92, '2024-12-17 00:00:00', 'Honduras, until recently a largely overlooked Central American coffee origin, has been producing increasing volumes of fine coffee over the past decade. Produced entirely from trees of the Paraneima variety of Arabica; a wet-processed or ‚Äúwashed‚Äù coffee, meaning the fruit skin and pulp were removed from the beans immediately after harvesting and before drying. Kakalove Caf√© is a nano-roaster located in the small city of Chia-Yi in Taiwan that strives to procure and roast the finest quality coffee. Visit www.kakalovecafe.com.tw or email [email¬†protected] for more information.'),
(219, 69, 91, '2024-12-17 00:00:00', 'Despite grower discontent and urban encroachment on prime coffee lands, Kenya continues to produce some of the world‚Äôs most elegant and distinctive coffees. AA is the highest grade of Kenya coffee based on freedom from physical imperfections and bean size. The WestBean is a San Diego-based roastery founded by two friends with a passion for coffee and a determination to bring their customers the highest quality hand-crafted coffee possible. Visit www.thewestbean.com or call 619-709-3232 for more information.'),
(220, 70, 90, '2024-02-18 00:00:00', 'Coffees from the Yirgacheffe region are produced from distinctive traditional Ethiopian varieties of Arabica long grown in the region. Like virtually all southern Ethiopia coffees, this coffee is produced by villagers on small garden plots interplanted with food and other subsistence crops. Processed by the wet or washed method (fruit skin and pulp are removed before drying). Mystic Monk Coffee is a small-batch roaster associated with a Carmelite monastery located in the Rocky Mountains of northern Wyoming. The monks emphasize an artisan approach to roasting and a commitment to quality. Visit www.mysticmonkcoffee.com or call 877-751-6377 for more information.'),
(221, 71, 93, '2024-01-18 00:00:00', 'Produced from trees of the heirloom Bourbon variety of Arabica. Epiphanie Mukashyaka established the now famous Bufcafe washing station or wet mill following the Rwandan genocide and the loss of most of her family. She and her son now operate two wet mills and a dry mill in the area. Processed by the conventional wet or ‚Äúwashed‚Äù method, in which skin and fruit flesh are removed from the beans or seeds before they are dried. JBC Coffee Roasters‚Äô vision is simple: ‚Äúlet the coffee lead the way‚Äù through sourcing and roasting the best and most unique coffees available and rewarding the farmers who grow those coffees with substantial premiums. Visit www.jbccoffeeroasters.com or call 608-256-5282 for more information.'),
(222, 72, 93, '2024-01-18 00:00:00', 'Produced from trees of local strains of the heirloom Bourbon variety of Arabica. Epiphanie Mukashyaka established the now famous Bufcafe washing station or wet mill following the Rwandan genocide and the loss of most of her family. She and her son now operate two wet mills and a dry mill in the area. Processed by the conventional wet or ‚Äúwashed‚Äù method, in which skin and fruit flesh are removed from the beans or seeds before they are dried. JBC Coffee Roasters‚Äô vision is simple: ‚Äúlet the coffee lead the way‚Äù through sourcing and roasting the best and most unique coffees available and rewarding the farmers who grow those coffees with substantial premiums. Visit www.jbccoffeeroasters.com or call 608-256-5282 for more information.'),
(223, 73, 95, '2024-01-18 00:00:00', 'Southern Ethiopia coffees like this one are produced from traditional Ethiopian varieties of Arabica long grown in the region. This is a wet-processed or ‚Äúwashed‚Äù coffee, meaning the fruit skin and pulp were removed from the beans immediately after harvesting and before drying. Like virtually all southern Ethiopia coffees, this coffee is produced by villagers on small, garden plots interplanted with food and other subsistence crops. JBC Coffee Roasters‚Äô vision is simple: ‚Äúlet the coffee lead the way‚Äù through sourcing and roasting the best and most unique coffees available and rewarding the farmers who grow those coffees with substantial premiums. Visit www.jbccoffeeroasters.com or call 608-256-5282 for more information.'),
(224, 74, 93, '2024-01-18 00:00:00', 'The cup profile of this coffee owes its originality to a complex, overlapping set of influences. First, tree variety: It was produced from heirloom varieties grown only in southern Ethiopia. Second, processing method: It was processed using a variation of the honey method, in which only the skins are removed from the coffee fruit and the beans are dried still enveloped in all or part of the fruit pulp. Finally, the beans were exposed to cultured strains of bacteria extracted from the excrement of the civet cat, making this a laboratory version of the famous kopi luwak, the coffee passed through the intestines of a civet cat or luwak. Good Chance Biotechnology., Ltd. is a Taiwan-based specialty coffee company. For more information, visit http://www.magiccat.pro/ or email [email¬†protected]'),
(225, 75, 93, '2024-01-18 00:00:00', 'The cup profile of this coffee owes its originality to a complex, overlapping set of influences. First, tree variety: It was produced from heirloom varieties grown only in southern Ethiopia. Second, processing method: It is a ‚Äúnatural‚Äù or dry-processed coffee, meaning the beans were dried inside the fruit, encouraging a flavor profile that is sweeter and deeper-toned than profiles associated with the more typical wet or ‚Äúwashed‚Äù process the which the soft fruit residue is removed before drying. Finally, the beans were exposed to cultured strains of bacteria extracted from the excrement of the civet cat, making this a laboratory version of the famous kopi luwak, the coffee passed through the intestines of a civet cat or luwak. Good Chance Biotechnology., Ltd. is a Taiwan-based specialty coffee company. For more information, visit http://www.magiccat.pro/ or email [email¬†protected]'),
(226, 76, 90, '2024-01-18 00:00:00', 'Ka‚Äôu is an emerging Hawaii coffee-growing district centered approximately 30 miles southeast of the famous Kona region. This Ka‚Äôu is produced by the Palehua Ohana Cooperative of small-holding Ka‚Äôu farmers, an organization dedicated to impeccable socio-economic and environmental practices. Carbonic maceration is an innovative variation on the wet or ‚Äúwashed‚Äù method, in which the whole coffee fruit is fermented in a carbon-dioxide rich environment before the fruit residue is removed and the beans are dried. The goal is to improve the clarity and sweetness of fruit notes. The method is being pioneered by Sasa Sestic, an Australian barista champion. Visit www.kauspecialtycoffee.com for more information.'),
(227, 77, 94, '2024-01-18 00:00:00', 'Southern Ethiopia coffees like this one are produced from distinctive traditional Ethiopian varieties of Arabica long grown in the region. Like virtually all southern Ethiopia coffees, this coffee is produced by villagers on small garden plots interplanted with food and other subsistence crops. This is a dry-processed or ‚Äúnatural‚Äù coffee, meaning the beans were dried inside the fruit rather than after the fruit has been removed, as is the case with wet-processed or ‚Äúwashed‚Äù coffees. This coffee is certified organically grown and Fair Trade Certified, meaning it was purchased from small-holding farmers at a ‚Äúfair‚Äù or economically sustainable price. Established in 2010, Red Rooster is an organic-certified micro-roaster focusing on socially conscious coffee and high-quality coffee. Visit redroostercoffee.com or call 540-745-7338 for more information.'),
(228, 78, 92, '2024-01-18 00:00:00', 'Produced by David Gomez of of El Balso Farm entirely from trees of the Caturra variety of Arabica. Like almost all Colombia coffees, this coffee is wet-processed or ‚Äúwashed,‚Äù meaning the fruit skin and pulp were removed from the beans immediately after harvesting and before drying. Huila is one of Colombia‚Äôs most respected coffee-growing regions. Husband and wife team Samantha and Weston Nawrocki founded Manzanita Roasting on their family‚Äôs 127-year-old winery in San Diego. Committed to quality direct-trade sourcing and skillful roasting, they are happy to be a part of what they call San Diego‚Äôs new ‚Äúcoffee frontier.‚Äù Visit www.manzanitaroasting.com for more information.'),
(229, 79, 95, '2024-01-18 00:00:00', 'Regrettably, this fine coffee sold out before the publication of our review. Produced from trees of the rare Ethiopia-derived botanical variety Gesha (also Geisha) by farmer Roberto Brenes of Auromar Estate. With its generally elongated beans and distinctive floral and crisp, often chocolaty cup, the Gesha variety continues to distinguish itself as one of the world‚Äôs most unique coffees. This is a dry-processed or ‚Äúnatural‚Äù Gesha, meaning the beans were dried inside the fruit rather than after the fruit has been removed, as is the case with wet-processed or ‚Äúwashed‚Äù coffees. This sample also consists entirely of peaberries, a kind of bean that results when the coffee fruit develops only a single, oval bean rather than the usual pair of flat-sided beans. Peaberries produce a somewhat different (often better) cup than normal beans from the same crop, from which they may or may not be separated during grading. Based in the San Diego area, Bird Rock Coffee Roasters is a retailer and wholesaler focused on organic and socially responsible coffees; it was awarded the ‚Äú2012 Micro-Roaster of the Year‚Äù title from Roast Magazine. Visit www.birdrockcoffee.com or call 858-551-1707 for more information.'),
(230, 80, 92, '2024-01-18 00:00:00', 'Coffees from the northern part of the Indonesian island of Sumatra are valued for their complex aromatic wood and fruit notes that appear to result largely from unorthodox fruit removal and drying practices called ‚Äúwet-hulling.‚Äù This is a refined example of the type. A.R.C., whose motto is ‚Äúmore than specialty,‚Äù rigorously controls three vital elements: sourcing of green coffee, roasting, and, in cafe environments, water quality for brewed coffee. For more information, visit http://www.arc.coffee/en/index.html.'),
(231, 81, 95, '2024-01-18 00:00:00', 'Produced from trees of the rare Ethiopia-derived botanical variety Gesha (also Geisha) by the Hartmann family. With its generally elongated beans and distinctive floral and crisp, often chocolaty cup, the Gesha variety continues to distinguish itself as one of the world‚Äôs most unique coffees. This is a dry-processed or ‚Äúnatural‚Äù Gesha, meaning the beans were dried inside the fruit rather than after the fruit has been removed, as is the case with wet-processed or ‚Äúwashed‚Äù coffees. Temple Coffee is a quality-focused retail and wholesale specialty roaster active in Sacramento, California since 2005. Committed to sourcing, roasting and brewing the finest coffees, Temple features coffee from distinguished single estates and cooperatives around the world. Visit www.templecoffee.com or call 916-454-1282 for more information.'),
(232, 82, 92, '2024-01-18 00:00:00', 'Yirgacheffe is a coffee region in southern Ethiopia that produces distinctive coffees from traditional varieties of Arabica long grown in the region. Processed by the wet or washed method (fruit skin and pulp are removed before drying).Like virtually all southern Ethiopia coffees, this coffee is produced by villagers on small, garden plots interplanted with food and other subsistence crops. Temple Coffee is a quality-focused retail and wholesale specialty roaster active in Sacramento, California since 2005. Committed to sourcing, roasting and brewing the finest coffees, Temple features coffee from distinguished single estates and cooperatives around the world. Visit www.templecoffee.com or call 916-454-1282 for more information.'),
(233, 83, 91, '2024-01-18 00:00:00', 'Produced by the father-son team of Alberto and Diego Guardia from trees of the Venecia variety, a mutant selection of the sturdy, compact-growing Caturra that withstands heavy rains, among other agronomic virtues. An unusually refined example of a dry-processed or ‚Äúnatural‚Äù coffee, meaning the beans were dried inside the fruit rather than after the fruit has been removed, as is the case with wet-processed or ‚Äúwashed‚Äù coffees. Temple Coffee is a quality-focused retail and wholesale specialty roaster active in Sacramento, California since 2005. Committed to sourcing, roasting and brewing the finest coffees, Temple features coffee from distinguished single estates and cooperatives around the world. Visit www.templecoffee.com or call 916-454-1282 for more information.'),
(234, 84, 95, '2024-01-18 00:00:00', 'This exceptional coffee was selected as the No. 18 coffee on¬†Coffee Review‚Äôs¬†list of the Top 30 Coffees of 2018. Southern Ethiopia coffees like this one are produced from traditional Ethiopian varieties of Arabica long grown in the region. It was processed by the wet or washed method (fruit skin and pulp are removed before drying). Southern Ethiopia coffees processed by this method typically express great aromatic complexity and intensity, with a particular emphasis on floral notes. In addition to his retail roasting operation, Aroma Roast Coffees, Simon Hsieh also operates Soaring Phoenix Trading, a business focused on purpose-built commercial espresso blends and high quality single-origin coffees. Visit www.facebook.com/4ArtsZeroDefectCoffees or call 886-0983-749876 for more information.'),
(235, 85, 94, '2024-01-18 00:00:00', 'Magnolia Coffee is a Charlotte, North Carolina-based specialty roaster whose motto is ‚ÄúCraft Roasted. Truly Delicious. Socially Conscious.‚Äù Magnolia Coffee focuses on direct-trade coffees that make a difference in the lives of the coffee harvesters and the local communities they serve.Visit www.magnoliacoffeeco.com or call 704-651-7726 for more information.'),
(236, 86, 93, '2024-02-18 00:00:00', 'Founded in August 2016, Charlotte Coffee Company donates 10 percent of proceeds from all retail sales to local non-profits dedicated to ending homelessness and hunger. Visit www.charlottecoffeeco.com for more information.'),
(237, 87, 92, '2024-02-18 00:00:00', 'Yirgacheffe is a coffee region in southern Ethiopia that produces distinctive coffees from traditional varieties of Arabica long grown in the region. This is a ‚Äúnatural‚Äù or dry-processed version, meaning the beans were dried inside the fruit, encouraging a flavor profile that is less predictable and deeper than the more familiar wet-processed floral- and citrus-toned Yirgacheffe profile. Like virtually all southern Ethiopia coffees, this coffee is produced by villagers on small, garden plots interplanted with food and other subsistence crops. The WestBean is a San Diego-based roastery founded by two friends with a passion for coffee and a determination to bring their customers the highest quality hand-crafted coffee possible. Visit www.thewestbean.com or call 619-709-3232 for more information.'),
(238, 88, 92, '2024-02-18 00:00:00', 'Produced by approximately 980 members of the Baragwi Farmers Cooperative Society from the SL28, SL34, Ruiru 11 and Batian varieties of Arabica. Despite grower discontent, contested government coffee policy and urban encroachment on prime coffee lands, the famed Kenya coffee auction system and its participating cooperatives continue to produce some of the world‚Äôs most elegant and distinctive coffees. Revel Coffee is a micro-roaster located in Billings, Montana. Its motto: ‚ÄúQuality is paramount‚Äîa difference you can revel in.‚Äù Visit www.revelcoffee.com or call 406-534-9621 for more information.'),
(239, 89, 93, '2024-02-18 00:00:00', 'Produced by Omar Arango in the Tolima Department of Colombia from trees of the respected Caturra and Catuai varieties of Arabica. This is a wet-processed or ‚Äúwashed‚Äù coffee, meaning the fruit skin and pulp were removed from the beans immediately after harvesting and before drying. Chocolate Fish is a distinguished New-Zealand-inspired micro-roaster based in Sacramento California, focused on the best in both quality and integrity. Visit www.chocolatefishcoffee.com or call 916-451-5181 for more information.'),
(240, 90, 94, '2024-02-18 00:00:00', 'Produced by about 150 small-holding farmers of the remote Biftu Gundina Cooperative. Ethiopia coffees like this one are produced from distinctive traditional Ethiopian varieties of Arabica long grown in their regions. Produced by villagers on small garden plots interplanted with food and other subsistence crops. This is a dry-processed or ‚Äúnatural‚Äù coffee, meaning the beans were dried inside the fruit rather than after the fruit has been removed, as is the case with wet-processed or ‚Äúwashed‚Äù coffees. Kakalove Caf√© is a nano-roaster located in the small city of Chia-Yi in Taiwan that strives to procure and roast the finest quality coffee. Visit www.kakalovecafe.com.tw or email [email¬†protected] for more information.'),
(241, 91, 93, '2024-02-18 00:00:00', 'Southern Ethiopia coffees like this one are produced from distinctive traditional Ethiopian varieties of Arabica long grown in the region. Like virtually all southern Ethiopia coffees, this coffee is produced by villagers on small garden plots interplanted with food and other subsistence crops. This is a dry-processed or ‚Äúnatural‚Äù version, meaning the beans were dried inside the fruit rather than after the fruit has been removed, as is the case with wet-processed or ‚Äúwashed‚Äù coffees. Kakalove Caf√© is a nano-roaster located in the small city of Chia-Yi in Taiwan that strives to procure and roast the finest quality coffee. Visit www.kakalovecafe.com.tw or email [email¬†protected] for more information.'),
(242, 92, 94, '2024-02-18 00:00:00', 'Southern Ethiopia coffees like this one are produced from distinctive traditional Ethiopian varieties of Arabica long grown in the region. Like virtually all southern Ethiopia coffees, this coffee is produced by villagers on small garden plots interplanted with food and other subsistence crops. This is a dry-processed or ‚Äúnatural‚Äù coffee, meaning the beans were dried inside the fruit rather than after the fruit has been removed, as is the case with wet-processed or ‚Äúwashed‚Äù coffees. Kakalove Caf√© is a nano-roaster located in the small city of Chia-Yi in Taiwan that strives to procure and roast the finest quality coffee. Visit www.kakalovecafe.com.tw or email [email¬†protected] for more information.'),
(243, 93, 93, '2024-02-18 00:00:00', 'This exceptional coffee was selected as the No. 30 coffee on¬†Coffee Review‚Äôs list of the Top 30 Coffees of 2018. Produced by Gilmer C√≥rdova at Agua Colorado farm from trees of the Red and Yellow Caturra varieties of Arabica. This coffee won sixth place at the 2017 Peru Cup of Excellence. Processed by the conventional wet or ‚Äúwashed‚Äù method, in which skin and fruit flesh are removed from the beans or seeds before they are dried. Established in 2010, Red Rooster is an organic-certified micro-roaster focusing on socially conscious coffee and high-quality coffee. Visit redroostercoffee.com or call 540-745-7338 for more information.'),
(244, 94, 92, '2024-02-18 00:00:00', 'A blend of coffees from El Salvador and Indonesia. This coffee tied for the third-highest rating in a cupping of blends for¬†Coffee Review‚Äòs February 2018 tasting report.¬†Based in the San Diego area, Bird Rock Coffee Roasters is a retailer and wholesaler focused on organic and socially responsible coffees; it was awarded the ‚Äú2012 Micro-Roaster of the Year‚Äù title by Roast Magazine. Visit www.birdrockcoffee.com or call 858-551-1707 for more information.'),
(245, 95, 92, '2024-02-18 00:00:00', 'A blend of two coffees: a Colombia Cauca and Kenya Karamundi. This coffee tied for the third-highest rating in a cupping of blends for¬†Coffee Review‚Äòs February 2018 tasting report. Revel Coffee is a micro-roaster located in Billings, Montana. Its motto: ‚ÄúQuality is paramount ‚Äî a difference you can revel in.‚Äù Visit www.revelcoffee.com or call 406-534-9621 for more information.'),
(246, 96, 92, '2024-02-18 00:00:00', 'Certified USDA organic. A blend of two coffees from Costa Rica and Ethiopia. This coffee tied for the third-highest rating in a cupping of blends for¬†Coffee Review‚Äòs February 2018 tasting report.¬†Roast House is a small-batch, quality-focused roaster specializing in farm-direct organic-certified and Fair Trade certified coffees. Visit roasthousecoffee.com or call 509-995-6500 for more information.'),
(247, 97, 94, '2024-02-18 00:00:00', 'A blend of three coffees: a Central America, a South America and an Indonesia. This coffee earned the top rating in a cupping of blends for¬†Coffee Review‚Äòs February 2018 tasting report.¬†Water Avenue Coffee is a tiny roastery nestled next to the railway in the old Industrial Southeast quarter in Portland, Oregon. Visit www.wateravenuecoffee.com or call 503-808-7083 for more information.'),
(248, 98, 93, '2024-02-18 00:00:00', 'A blend of four coffees: a wet-processed Guatemala; a wet-processed El Salvador; and both a wet-processed- and natural-processed Ethiopia. This coffee tied for the second-highest rating in a cupping of blends for¬†Coffee Review‚Äòs February 2018 tasting report. Corvus Coffee Roasters is based in Denver, Colorado and specializes in rare and exclusive coffees from some of the finest growers in the world. Corvus particularly focuses on processing methods and selective harvesting, which result in small, seasonal micro-lots of uniquely sweet, vibrant, and clean flavor profiles. For more information, visit www.corvuscoffee.com.'),
(249, 99, 93, '2024-02-18 00:00:00', 'A blend of coffees from Kenya and Ethiopia. This coffee tied for the second-highest rating in a cupping of blends for¬†Coffee Review‚Äòs February 2018 tasting report.¬†Founded by Paul Massard and Chris Nolte, Per‚Äôla focuses on meticulous sourcing and roasting fine coffees in small batches. Visit www.drinkperla.com for more information.'),
(250, 100, 93, '2024-02-18 00:00:00', 'A blend comprised of¬†four coffees: two Ethiopias, one washed- and one natural-processed; a Kenya; and a honey-processed El Salvador. This coffee tied for the second-highest rating in a cupping of blends for¬†Coffee Review‚Äòs February 2018 tasting report.¬†Kakalove Caf√© is a nano-roaster located in the small city of Chia-Yi in Taiwan that strives to procure and roast the finest quality coffee. Visit www.kakalovecafe.com.tw¬†or email¬†[email¬†protected]¬†for more information.'),
(251, 101, 93, '2024-02-18 00:00:00', 'A blend of four coffees: Panama Finca Deborah Caturra Natural; Panama Finca Hartmann Natural Geisha; Panama Finca Lerida Natural Geisha; and Ethiopia Sidamo Mulish Natural. This coffee tied for the second-highest rating in a cupping of blends for¬†Coffee Review‚Äòs February 2018 tasting report.¬†Temple Coffee is a quality-focused retail and wholesale specialty roaster active in Sacramento, California since 2005. Committed to sourcing, roasting and brewing the finest coffees, Temple features coffee from distinguished single estates and cooperatives around the world. Visit www.templecoffee.com or call 916-454-1282 for more information.'),
(252, 102, 94, '2024-02-18 00:00:00', 'Produced by Juan Luis Barrios Ortega mainly from trees of the heirloom Bourbon and Typica varieties. Processed by the dry or ‚Äúnatural‚Äù method, meaning the beans were dried inside the fruit rather than after the fruit has been removed, as is the case with wet-processed or \"washed\" coffees. Located in southwestern Colorado, Durango Coffee lays claim to a rich coffee history that dates to 1986. Its motto is ‚ÄúTough Town, Great Coffee.‚Äù Visit www.durangocoffee.com or call 800-748-2275 for more information.'),
(253, 103, 93, '2024-02-18 00:00:00', 'Organic and fair trade certified. Produced by members of the the ASCI‚ÄôSP cooperative from mixed varieties of Arabica, and processed by the conventional wet or ‚Äúwashed‚Äù method, in which skin and fruit flesh are removed from the beans or seeds before they are dried. JBC Coffee Roasters‚Äô vision is simple: ‚Äúlet the coffee lead the way‚Äù through sourcing and roasting the best and most unique coffees available and rewarding the farmers who grow those coffees with substantial premiums. Visit www.jbccoffeeroasters.com or call 608-256-5282 for more information.'),
(254, 104, 93, '2024-02-18 00:00:00', 'Produced from locally naturalized cultivars of the heirloom Bourbon variety of Arabica and processed at the now famous Bufcafe mills. Epiphanie Mukashyaka established the first Bufcafe washing station or wet mill following the Rwandan genocide and the loss of most of her family. She and her son now operate two wet mills and a dry mill in the area. Processed by the conventional wet or ‚Äúwashed‚Äù method, in which skin and fruit flesh are removed from the beans or seeds before they are dried. A wet-processed or ‚Äúwashed‚Äù coffee, meaning the fruit skin and pulp were removed from the beans immediately after harvesting and before drying using a particularly complex dry-ferment, wash and soak procedure popular in Rwanda. Located in southwestern Colorado, Durango Coffee lays claim to a rich coffee history that dates to 1986. Its motto is ‚ÄúTough Town, Great Coffee.‚Äù Visit www.durangocoffee.com or call 800-748-2275 for more information.'),
(255, 105, 96, '2024-03-18 00:00:00', 'This exceptional coffee was selected as the No. 13 coffee on¬†Coffee Review‚Äôs¬†list of the Top 30 Coffees of 2018. This coffee is available exclusively as a part of the Barrington Coffee Curated Collection, four ounces each of three distinguished coffees for $29.95. This selection is produced by Desta Gola, a member of the of the Adame Gorbota Cooperative in the celebrated Yirgacheffe growing region. Southern Ethiopia coffees like this one are produced from distinctive traditional Ethiopian varieties of Arabica long grown in the region. This is a wet-processed or ‚Äúwashed‚Äù version, meaning the fruit skin and pulp were removed from the beans immediately after harvesting and before drying. Barrington Coffee is an artisan roaster dedicated to elite coffees, fresh delivery and roasting that foregrounds the coffee and not the roast. Visit www.barringtoncoffee.com or call 800-528-0998 for more information.'),
(256, 106, 92, '2024-03-18 00:00:00', 'This coffee is available exclusively as a part of the Barrington Coffee Curated Collection, four ounces each of three distinguished coffees for $29.95. This selection is produced by Francisca and Oscar Chacon at Las Lajas farm from trees of the Caturra, Catuai and Villa Sarchi varieties of Arabica and processed by the red honey method. With all honey processing methods, some sweet pulp or fruit flesh (‚Äúhoney‚Äù) is allowed to adhere to the beans during drying. In the red honey variation, all or almost all of the pulp is allowed to dry on the beans, rather than only a portion of it, as would be the case with yellow honey. Barrington Coffee is an artisan roaster dedicated to elite coffees, fresh delivery and roasting that foregrounds the coffee and not the roast. Visit www.barringtoncoffee.com or call 800-528-0998 for more information.'),
(257, 107, 90, '2024-03-18 00:00:00', 'This coffee is available exclusively as a part of the Barrington Coffee Curated Collection, four ounces each of three distinguished coffees for $29.95. This rare Nepal coffee is produced by Mingma Dorji Sherpa at Lekali Coffee Estate from trees of the Caturra and Typica varieties of Arabica. This is a wet-processed or ‚Äúwashed‚Äù coffee, meaning the fruit skin and pulp were removed from the beans immediately after harvesting and before drying. Barrington Coffee is an artisan roaster dedicated to elite coffees, fresh delivery and roasting that foregrounds the coffee and not the roast. Visit www.barringtoncoffee.com or call 800-528-0998 for more information.'),
(258, 108, 91, '2024-03-18 00:00:00', 'Produced by Martin Urena of La Chumeca Farm entirely from trees of the respected Red Catuai variety of Arabica. This is a dry-processed or ‚Äúnatural‚Äù coffee, meaning the beans were dried inside the fruit rather than after the fruit has been removed, as is the case with wet-processed or ‚Äúwashed‚Äù coffees. Caff√® Luxxe is an Italian-inflected artisan roaster and retailer that emphasizes both its coffee knowledge and precision and its straightforward lack of pretension. Visit www.caffeluxxe.com or call 310-394-2222 for more information.'),
(259, 109, 89, '2024-03-18 00:00:00', 'This coffee was sourced by the importer Royal Coffee, decaffeinated at the Descamex plant in Mexico by a water-only process that does not involve use of solvents, and sold to roasters under the name ‚ÄúRoyal Select Water Decaf.‚Äù Certified organically grown and Fair Trade, meaning it was purchased at a formula-determined ‚Äúfair‚Äù or economically sustainable price. Jackrabbit Java selects the finest coffees from around the world and roasts them in Thermopolis, Wyoming‚Äôs mountain air. All Jackrabbit Java coffees are specialty-grade and roasted to order.Visit www.jackrabbitjava.com for more information.'),
(260, 110, 94, '2024-03-18 00:00:00', 'This blend is comprised of four coffees: a washed-processed Guatemala, a honey-processed Honduras, a washed-processed Honduras, and a washed-processed Ethiopia. Kakalove Caf√© is a nano-roaster located in the small city of Chia-Yi in Taiwan that strives to procure and roast the finest quality coffee. Visit www.kakalovecafe.com.tw or email [email¬†protected] for more information.'),
(261, 111, 92, '2024-03-18 00:00:00', 'This coffee tied for the third-highest rating in a cupping of Value Coffees for Coffee Review‚Äòs March 2018 tasting report. Southern Ethiopia coffees like this one are produced from distinctive traditional Ethiopian varieties of Arabica long grown in the region. Like virtually all southern Ethiopia coffees, this coffee is produced by villagers on small garden plots interplanted with food and other subsistence crops. This is a wet-processed or ‚Äúwashed‚Äù coffee, meaning the fruit skin and pulp were removed from the beans immediately after harvesting and before drying. Java Blend Coffee Roasters is a small-batch roasting company owned and operated by the same family since 1938. It custom roasts and delivers coffee within two days of ordering throughout most of the Maritime Provinces of Canada. Visit www.javablendcoffee.com or call 877-596-5282 for more information.'),
(262, 112, 92, '2024-03-18 00:00:00', 'This coffee tied for the third-highest rating in a cupping of Value Coffees for Coffee Review‚Äòs March 2018 tasting report. Coffees like this one from the northern part of the Indonesian island of Sumatra are valued for their complex earth and fruit notes that appear to result largely from unorthodox fruit removal and drying practices called ‚Äúwet-hulling.‚Äù Produced in the Lintong region south of Lake Toba, one of the oldest and arguably the most admired of Sumatra growing regions. Jackrabbit Java selects the finest coffees from around the world and roasts them in Thermopolis, Wyoming‚Äôs mountain air. All Jackrabbit Java coffees are specialty-grade and roasted to order.Visit www.jackrabbitjava.com for more information.'),
(263, 113, 94, '2024-03-18 00:00:00', 'This coffee tied for the top rating in a cupping of Value Coffees for Coffee Review‚Äòs March 2018 tasting report. Produced from trees of the admired SL-28 and SL-34 varieties of Arabica. Despite grower discontent, contested government coffee policy and urban encroachment on prime coffee lands, the famed Kenya coffee auction system and its participating cooperatives continue to produce some of the world‚Äôs most elegant and distinctive coffees. Big Shoulders Coffee is a Chicago artisan roaster that emphasizes a fresh-roasted, no-nonsense approach to fine coffee. Visit www.bigshoulderscoffee.com or call 312-888-3042 for more information.'),
(264, 114, 93, '2024-03-18 00:00:00', 'This coffee tied for the second-highest rating in a cupping of Value Coffees for Coffee Review‚Äòs March 2018 tasting report. Southern Ethiopia coffees like this one are produced from distinctive traditional Ethiopian varieties of Arabica long grown in the region. Like virtually all southern Ethiopia coffees, this coffee is produced by villagers on small garden plots interplanted with food and other subsistence crops. Processed by the wet or washed method (fruit skin and pulp are removed before drying). Caffeic is a family-owned, Montana-based roaster with a focus on sourcing and sharing the highest-quality coffees available. Visit www.caffeic.coffee for more information.'),
(265, 115, 93, '2024-03-18 00:00:00', 'This coffee tied for the second-highest rating in a cupping of Value Coffees for Coffee Review‚Äòs March 2018 tasting report. Southern Ethiopia coffees like this one are produced from distinctive traditional Ethiopian varieties of Arabica long grown in the region. Like virtually all southern Ethiopia coffees, this coffee is produced by villagers on small garden plots interplanted with food and other subsistence crops. Processed by the white honey method. With all honey processing methods, some sweet pulp or fruit flesh (‚Äúhoney‚Äù) is allowed to adhere to the beans during drying. In the white honey variation, an extremely thin layer of pulp is allowed to dry on the beans, less than with yellow honey, and much less than is the case with red or black honey. Kakalove Caf√© is a nano-roaster located in the small city of Chia-Yi in Taiwan that strives to procure and roast the finest quality coffee. Visit www.kakalovecafe.com.tw or email [email¬†protected] for more information.'),
(266, 116, 92, '2024-03-18 00:00:00', 'This coffee tied for the third-highest rating in a cupping of Value Coffees for Coffee Review‚Äòs March 2018 tasting report. Produced entirely from trees of the Bourbon variety of Arabica. This is a wet-processed or ‚Äúwashed‚Äù coffee, meaning the fruit skin and pulp were removed from the beans immediately after harvesting and before drying. Grounds for Change is a certified organic coffee roaster specializing in sustainable coffee and supporting a wide range of progressive ecological and social programs. The complete carbon footprint (from crop to cup) for this coffee has been offset with tree planting (carbonfund.org).Visit www.groundsforchange.com or call 800-796-6820 for more information.'),
(267, 117, 94, '2024-03-18 00:00:00', 'This all-Africa blend tied for the top rating in a cupping of Value Coffees for Coffee Review‚Äòs March 2018 tasting report. A blend of coffees from Ethiopia, Burundi and Kenya. Allegro Coffee, a subsidiary of Whole Foods Market, offers one of the country‚Äôs largest selections of single-origin coffees. Visit www.allegrocoffee.com or call 800-227-1107 for more information.'),
(268, 118, 94, '2024-03-18 00:00:00', 'This exceptional coffee was selected as the No. 9 coffee on¬†Coffee Review‚Äôs¬†list of the Top 30 Coffees of 2018. This coffee tied for the top rating in a cupping of Value Coffees for Coffee Review‚Äòs March 2018 tasting report. Produced by smallholding farmers from the Ateng, Jember and Garundang varieties of Arabica. Coffees like this one from the northern part of the Indonesian island of Sumatra are valued for their complex earth and fruit notes that appear to result largely from unorthodox fruit removal and drying practices called ‚Äúwet-hulling.‚Äù This is a particularly refined example of the type, produced in the Lintong region south of Lake Toba, one of the oldest and arguably the most admired of Sumatra growing regions. Klatch Coffee is an award-winning small-batch roasting company in the Los Angeles area whose resident barista and trainer, Heather Perry, won both the 2003 and 2007 United States Barista Championships brewing a Klatch Coffee espresso blend. Visit www.klatchroasting.com or call 877-455-2824 for more information.'),
(269, 119, 92, '2024-03-18 00:00:00', 'This coffee tied for the third-highest rating in a cupping of Value Coffees for Coffee Review‚Äòs March 2018 tasting report. Produced from locally naturalized cultivars of the heirloom Bourbon variety of Arabica and processed at the now famous Bufcafe mills. Epiphanie Mukashyaka established the first Bufcafe washing station or wet mill following the Rwandan genocide and the loss of most of her family. She and her son now operate two wet mills and a dry mill in the area. Processed by the conventional wet or ‚Äúwashed‚Äù method, in which skin and fruit flesh are removed from the beans or seeds before they are dried. A wet-processed or ‚Äúwashed‚Äù coffee, meaning the fruit skin and pulp were removed from the beans immediately after harvesting and before drying using a particularly complex dry-ferment, wash and soak procedure popular in Rwanda. Mr. Espresso is a San Francisco Bay Area wholesale roaster and espresso parts distributor that slow-roasts its coffees using traditional wood-fired roasting machines. Visit www.mrespresso.com or call 510-287-5200 for more information.'),
(270, 120, 95, '2024-03-18 00:00:00', 'This exceptional coffee was selected as the No. 3 coffee on¬†Coffee Review‚Äôs¬†list of the Top 30 Coffees of 2018.¬†Produced entirely of the heirloom Bourbon variety of Arabica and processed at the Gomba Washing Station, which works with 2831 registered farmers. JBC Coffee Roasters‚Äô vision is simple: ‚Äúlet the coffee lead the way‚Äù through sourcing and roasting the best and most unique coffees available and rewarding the farmers who grow those coffees with substantial premiums.¬†Visit www.jbccoffeeroasters.com or call 608-256-5282 for more information.'),
(271, 121, 95, '2024-02-18 00:00:00', 'Mocca (also spelled Moka and Mokka) is a famous variety of Arabica that reached Kaanapali, Hawaii from Brazil. Current thinking in the technical coffee community is that it originated in the Reunion Islands as a mutant of the great Bourbon variety. I continue to feel that it must have some direct relationship with Yemen, however, where varieties displaying the same, very unusual bean size and shape are known as Ismaili, as well as by other local names. This Mocca was processed by the dry or ‚Äúnatural‚Äù method, meaning the beans were dried inside the fruit rather than after the fruit has been removed, as is the case with wet-processed or ‚Äúwashed‚Äù coffees. This rare coffee with its tiny beans and striking cup is available only on the Hula Daddy website through their allocation list. Hula Daddy is a boutique coffee producer with farms at the 1,400 and 2,500 foot levels of the Mount Hualalai volcano near the northern end of the Kona growing district, five minutes above the town of Kailua-Kona. This coffee was produced at the higher elevation Hula Daddy farm. Visit www.huladaddy.com or call 888-553-2339 for more information.'),
(272, 122, 94, '2024-02-18 00:00:00', 'Produced entirely from trees of the Kurume and Welicho varieties of Arabica at Suke Quto farm. Processed by the honey method, which means that the outer skin of the coffee fruit is removed, as it is in the wet or ‚Äúwashed‚Äù process, but at least some of the sticky fruit residue is allowed to dry on the bean and later removed by machine along with the parchment skin. This coffee is both organic- and Rainforest Alliance-certified. Paradise Roasters specializes in micro-lot Arabica and Robusta coffees from Asia and other emerging origins. The company prides itself on quality and freshness, craft-roasting coffees in small batches only after orders are placed. Visit www.paradiseroasters.com or call 763-433-0626 for more information.'),
(273, 123, 93, '2024-04-18 00:00:00', 'This coffee tied for the third-highest rating in a cupping of coffees roasted by women for Coffee Review‚Äòs April 2018 tasting report. Yirgacheffe is a coffee region in southern Ethiopia that produces distinctive coffees from traditional varieties of Arabica long grown in the region. This is a ‚Äúnatural‚Äù or dry-processed version, meaning the beans were dried inside the fruit, encouraging a flavor profile that is rounder and lower-toned than the more familiar wet-processed floral- and citrus-toned Yirgacheffe profile. This coffee is certified organically grown and Fair Trade certified, meaning it was purchased at a ‚Äúfair‚Äù or economically sustainable price. Worka is one of twenty-two primary cooperatives located in the Gedeo Zone of Southern Ethiopia organized as the Yirgacheffe Farmers Union. Established in 2010, Red Rooster is an organic-certified micro-roaster focusing on socially conscious coffee and high-quality coffee. Visit redroostercoffee.com or call 540-745-7338 for more information.'),
(274, 124, 93, '2024-04-18 00:00:00', 'This exceptional coffee was selected as the No. 28 coffee on¬†Coffee Review‚Äôs¬†list of the Top 30 Coffees of 2018. This coffee tied for the third-highest rating in a cupping of coffees roasted by women for Coffee Review‚Äòs April 2018 tasting report. Produced entirely from the Typica Mejorado variety of Arabica in the Pichincha region of Ecuador, bordering Colombia. Paradise Roasters specializes in micro-lot Arabica and Robusta coffees from Asia and other emerging origins. The company prides itself on quality and freshness, craft-roasting coffees in small batches only after orders are placed. Visit www.paradiseroasters.com or call 763-433-0626 for more information.'),
(275, 125, 93, '2024-04-18 00:00:00', 'This coffee tied for the third-highest rating in a cupping of coffees roasted by women for Coffee Review‚Äòs April 2018 tasting report. Produced from trees of the SL28 and SL43 varieties of Arabica and processed at the Ndunduri washing station, which supports roughtly 700 member farmers. Despite challenges ranging from unclear government coffee policy and urban encroachment on prime coffee lands to chronically unstable weather, the famed Kenya coffee auction system and its participating cooperatives continue to produce some of the world‚Äôs most elegant and distinctive coffees. Founded in 2015, the Greater Goods mission is to enrich the lives of coffee-drinkers through passion, creativity, innovation and commitment to the consistency of the specialty coffee the company roasts, and through the local causes supported with its proceeds. Visit greatergoodsroasting.com or call 512-858-2680 for more information.'),
(276, 126, 93, '2024-04-18 00:00:00', 'This coffee tied for the third-highest rating in a cupping of coffees roasted by women for Coffee Review‚Äòs April 2018 tasting report. Produced by the METAD farm and mill in southern Ethiopia. Southern Ethiopia produces distinctive coffees from traditional varieties of Arabica long grown in the region. Coffees like this one processed by the wet or washed method (fruit skin and pulp is removed before drying) typically express great aromatic complexity and intensity with a particular emphasis on citrus and floral notes. Certifed USDA organic. Tico Coffee‚Äôs co-founder Mariana Faerron is from Costa Rica, and the word ‚ÄúTico‚Äù refers to a Costa Rica native. The company she created with her husband Thomas specializes in direct trade coffees from small farms all over the world. Visit www.ticoroasters.com for more information.'),
(277, 127, 94, '2024-04-18 00:00:00', 'This coffee tied for the second-highest rating in a cupping of coffees roasted by women for Coffee Review‚Äòs April 2018 tasting report. Although Ethiopia is the botanical home of Coffea arabica, Yemen introduced the beverage to the rest of the world in the 16th and 17th centuries, and Yemeni coffee is still grown from ancient heirloom cultivars of Arabica on stone-walled terraces ringing fortress-like mountaintop villages. All Yemen coffees are natural-processed, i.e., dried in the whole fruit. Imported by Mokhtar Alkhanshali of Port of Mokha Coffee, who has worked with farmers to improve their harvesting and drying procedures, and who selects and meticulously transports microlots like this one to the U.S. Founded in 1995, Equator Coffees & Teas is a women-owned wholesale coffee roasting company that focuses on sustainability in coffee-sourcing and business practices. Visit www.equatorcoffees.com or call 800-809-7687 for more information.'),
(278, 128, 94, '2024-04-18 00:00:00', 'This exceptional coffee was selected as the No. 22 coffee on¬†Coffee Review‚Äôs¬†list of the Top 30 Coffees of 2018. This coffee tied for the second-highest rating in a cupping of coffees roasted by women for Coffee Review‚Äòs April 2018 tasting report. Coffees like this one from the northern part of the Indonesian island of Sumatra are valued for their complex earth and fruit notes that appear to result largely from unorthodox fruit removal and drying practices called ‚Äúwet-hulling.‚Äù Produced in the Lintong region south of Lake Toba, one of the oldest and arguably the most admired of Sumatra growing regions. Flight Coffee (formerly CQ Coffee Roasters) is a coffee-loving, quality-focused roasting company based in Bedford, New Hampshire. Visit www.flightcoffeeco.com or call 603-836-6228 for more information.'),
(279, 129, 94, '2024-04-18 00:00:00', 'This coffee tied for the second-highest rating in a cupping of coffees roasted by women for Coffee Review‚Äòs April 2018 tasting report. Coffees like this one from the northern part of the Indonesian island of Sumatra are valued for their complex earth and fruit notes that appear to result largely from unorthodox fruit removal and drying practices called ‚Äúwet-hulling.‚Äù Produced in the Lintong region south of Lake Toba, one of the oldest and arguably the most admired of Sumatra growing regions. Roasted at PT‚Äôs Coffee, where the motto is ‚Äúwithout the love, it‚Äôs just coffee.‚Äù Visit www.ptscoffee.com or call 888-678-5282 for more information.'),
(280, 130, 94, '2024-04-18 00:00:00', 'This coffee tied for the second-highest rating in a cupping of coffees roasted by women for Coffee Review‚Äòs April 2018 tasting report. Despite challenges ranging from unclear government coffee policy and urban encroachment on prime coffee lands to chronically unstable weather, the famed Kenya coffee auction system and its participating cooperatives continue to produce some of the world‚Äôs most elegant and distinctive coffees. Cafe Douceur is a Tainan, Taiwan-based micro-roaster ¬†and cafe. Visit https://bit.ly/2q2tkcZ for more information.'),
(281, 131, 95, '2024-04-18 00:00:00', 'This sample earned the highest rating in a cupping of coffees roasted by women for Coffee Review‚Äòs April 2018 tasting report. Produced by Orlando Espina of Finca La Maria entirely from trees of the rare Ethiopia-derived botanical variety Gesha (also spelled Geisha), this coffee won second place in the 2017 Colombia Cup of Excellence. With its elegantly elongated beans and distinctive floral and crisp, often chocolaty cup, the Gesha variety continues to distinguish itself as one of the world‚Äôs most unique coffees. This is a dry-processed or ‚Äúnatural‚Äù version, meaning the beans were dried inside the fruit rather than after the fruit has been removed, as is the case with wet-processed or ‚Äúwashed‚Äù coffees. Based in the San Diego area, Bird Rock Coffee Roasters is a retailer and wholesaler focused on organic and socially responsible coffees; it was awarded the ‚Äú2012 Micro-Roaster of the Year‚Äù title by Roast Magazine. Visit www.birdrockcoffee.com or call 858-551-1707 for more information.'),
(282, 132, 94, '2024-04-18 00:00:00', 'This coffee tied for the second-highest rating in a cupping of coffees roasted by women for Coffee Review‚Äòs April 2018 tasting report. Southern Ethiopia coffees like this one are produced from distinctive traditional Ethiopian varieties of Arabica long grown in the region. This is a wet-processed or ‚Äúwashed‚Äù coffee, meaning the fruit skin and pulp were removed from the beans immediately after harvesting and before drying. Roasters Note is a Taiwan-based micro-roaster specializing in small-batch roasting of the highest-quality Arabica coffee. Visit ¬†https://www.facebook.com/RoastersNote/ for more information.');
INSERT INTO `products_beans_reviews` (`products_beans_review_id`, `products_beans_id`, `rating`, `review_date`, `description`) VALUES
(283, 133, 95, '2024-04-18 00:00:00', 'This exceptional coffee was selected as the No. 5 coffee on¬†Coffee Review‚Äôs¬†list of the Top 30 Coffees of 2018.¬† Comprised entirely of beans from the rare Sudan Rume, a presumably very old variety of Arabica originally selected from wild trees growing on the Boma Plateau of Sudan, close to the border with Ethiopia. Processed by the dried-in-the-fruit or natural method. Produced by Rigoberto Herrera at Granja La Esperanza in Colombia, an innovative producer that specializes in impressive and innovative work with unusual cultivars of Arabica.¬† Roasted at PT‚Äôs Coffee, where the motto is ‚Äúwithout the love, it‚Äôs just coffee.‚Äù Visit www.ptscoffee.com or call 888-678-5282 for more information.'),
(284, 134, 94, '2024-04-18 00:00:00', 'Southern Ethiopia coffees like this one are produced from traditional Ethiopian varieties of Arabica long grown in the region. A wet-processed or ‚Äúwashed‚Äù coffee, meaning the fruit skin and pulp were removed from the beans immediately after harvesting and before drying. Like virtually all southern Ethiopia coffees, this coffee is produced by villagers on small, garden plots interplanted with food and other subsistence crops. JBC Coffee Roasters‚Äô vision is simple: ‚Äúlet the coffee lead the way‚Äù through sourcing and roasting the best and most unique coffees available and rewarding the farmers who grow those coffees with substantial premiums. Visit www.jbccoffeeroasters.com or call 608-256-5282 for more information.'),
(285, 135, 93, '2024-04-18 00:00:00', 'Certified organically grown and produced by members of the the ASCI‚ÄôSP cooperative from mixed varieties of Arabica. Processed by the conventional wet or ‚Äúwashed‚Äù method, in which skin and fruit flesh are removed from the beans or seeds before they are dried. JBC Coffee Roasters‚Äô vision is simple: ‚Äúlet the coffee lead the way‚Äù through sourcing and roasting the best and most unique coffees available and rewarding the farmers who grow those coffees with substantial premiums. Visit www.jbccoffeeroasters.com or call 608-256-5282 for more information.'),
(286, 136, 92, '2024-04-18 00:00:00', 'Produced by Lambertus Siba Hurek entirely of the Typica variety of Arabica and processed by the Indonesia wet-hulled method. Flores is an island in Indonesia, part of a chain of islands that extends east of Java and Bali. With a recent focus on quality and assistance from international aid groups, Flores is beginning to create a name for itself in specialty coffee circles. Green Stone Coffee is a woman-owned artisan roastery in Taipei, founded in 2016 and specializing in sourcing distinctive coffees that express their individual terroirs. Visit http://www.greenstone-coffee.com.tw/en/info.html for more information.'),
(287, 137, 94, '2024-03-18 00:00:00', 'Produced from trees of the rare Ethiopia-derived botanical variety Gesha (also spelled Geisha). With its elegantly elongated beans and distinctive floral and crisp, often chocolaty cup, the Gesha variety continues to distinguish itself as one of the world‚Äôs most unique coffees. This is in extremely refined presentation of the Gesha variety developed by boutique exporter/importer Ninety Plus Coffee. Processed by the honey method, which means that the outer skin of the coffee fruit is removed, as it is in the wet or ‚Äúwashed‚Äù process, but at least some of the sticky fruit residue is allowed to dry on the bean and later removed by machine along with the parchment skin. Kakalove Caf√© is a nano-roaster located in the small city of Chia-Yi in Taiwan that strives to procure and roast the finest quality coffee. Visit www.kakalovecafe.com.tw or email [email¬†protected] for more information.'),
(288, 138, 92, '2024-03-18 00:00:00', 'Southern Ethiopia coffees like this one are produced from distinctive traditional Ethiopian varieties of Arabica long grown in the region. Like virtually all southern Ethiopia coffees, this coffee is produced by villagers on small garden plots interplanted with food and other subsistence crops. This is a dry-processed or ‚Äúnatural‚Äù version, meaning the beans were dried inside the fruit rather than after the fruit has been removed, as is the case with wet-processed or ‚Äúwashed‚Äù coffees. Evie‚Äôs Caf√© , based in Chia-Yi Taiwan, specializes in fine roasted coffees as well as pour-overs and cold-brews. Visit https://m.facebook.com/eviescafe88/ for more information.'),
(289, 139, 94, '2024-03-18 00:00:00', 'Produced from trees of the rare Ethiopia-derived botanical variety Gesha (also spelled Geisha). With its elegantly elongated beans and distinctive floral and crisp, often chocolaty cup, the Gesha variety continues to distinguish itself as one of the world‚Äôs most unique coffees. This is an extremely refined presentation of the Gesha variety developed by boutique exporter/importer Ninety Plus Coffee. Produced in very small lots, it is a dry-processed or ‚Äúnatural‚Äù coffee, meaning the beans were dried inside the fruit rather than after the fruit has been removed, as is the case with wet-processed or ‚Äúwashed‚Äù coffees. In the case of this coffee the drying was carried out in a temperature- and moisture-controlled solar drier, a proprietary method developed by the Ninety Plus team. Kakalove Caf√© is a nano-roaster located in the small city of Chia-Yi in Taiwan that strives to procure and roast the finest quality coffee. Visit www.kakalovecafe.com.tw or email [email¬†protected] for more information.'),
(290, 140, 91, '2024-03-18 00:00:00', 'Toarco (TOraja ARabica COffee) is a coffee project in the famous Sulawesi coffee growing region of Toraja developed and financed by Japan‚Äôs Key Coffee Company and its Indonesian partners. Toarco coffees are processed by variants of the orthodox wet or washed method, giving them a brighter and cleaner profile than Sulawesi coffees processed by the locally traditional wet-hulling method. Until recently Toarco sold its entire production to the Japanese market, making this coffee rare in the United States. Espresso Republic, founded in 2010, specializes in sourcing quality coffees and roasting them in small batches for both retail and wholesale customers. Visit www.espressorepublic.com for more information.'),
(291, 141, 94, '2024-03-18 00:00:00', 'This exceptional coffee was selected as the No. 23 coffee on¬†Coffee Review‚Äôs list of the Top 30 Coffees of 2018. Burundi is a small, landlocked country in Central Africa. Most coffee is grown in the mountains of the north, bordering Rwanda. Benefiting from ideal growing conditions and large plantings of Bourbon and related heirloom varieties of Arabica, Burundi coffee has an excellent reputation and a growing following among North American specialty roasters. Big Shoulders Coffee is a Chicago artisan roaster that emphasizes a fresh-roasted, no-nonsense approach to fine coffee. Visit www.bigshoulderscoffee.com or call 312-888-3042 for more information.'),
(292, 142, 92, '2024-03-18 00:00:00', 'A blend of coffees from Ethiopia and Indonesia. Roaster Yu Chih Hao is co-founder of Fumi Coffee, a new roaster in Hsinchu, Taiwan specializing in specialty coffee and homemade desserts. Visit https://m.facebook.com/fumicafe035586631/ for more information.'),
(293, 143, 92, '2024-05-18 00:00:00', ' This coffee tied for the second-highest rating in a cupping of coffees from Brazil for Coffee Review‚Äôs May 2018 tasting report. As a green coffee, it also took seventh place in the 2017 Cup of Excellence juried competition for natural or dry-processed Brazil coffees, meaning coffees that were dried in the entire fruit rather than after the fruit has been removed, as is the case with wet- or ‚Äúwashed‚Äù-processed coffees. Naturals form the backbone of the Brazil coffee industry, but this prize-winning lot reflects a particularly refined approach to the method. Dragonfly Coffee is a Boulder, Colorado-based micro-roaster that produces high-quality coffees and supports worthy causes. Visit www.dragonflycoffeeroasters.com or call 303-579-2154 for more information.'),
(294, 144, 92, '2024-05-18 00:00:00', ' This coffee tied for the second-highest rating in a cupping of coffees from Brazil for Coffee Review‚Äôs May 2018 tasting report. Produced by the children of Nagipe Viana Klem, founder of Fazenda Klem, entirely from trees of the respected Catuai variety of Arabica. This is a ‚Äúnatural‚Äù or dry-processed coffee, which means the beans or seeds were dried encased in the entire fruit rather than after the fruit has been removed, as is the case with wet- or ‚Äúwashed‚Äù-processed coffees. Naturals form the backbone of the Brazil coffee industry, but this lot reflects a particularly refined approach to the method. Hatch Coffee is an Ontario, Canada-based roaster offering coffees for both retail and wholesale purchase. Visit www.hatchcrafted.com for more information.'),
(295, 145, 92, '2024-05-18 00:00:00', 'This coffee tied for the second-highest rating in a cupping of coffees from Brazil for Coffee Review‚Äôs May 2018 tasting report. Produced by Nelson Ribeiro and Luca Allegro from trees of the respected Catuai variety of Arabica using biodynamic farming methods. A ‚Äúnatural‚Äù or dry-processed coffee, which means the beans or seeds were dried encased in the entire fruit rather than after the fruit has been removed, as is the case with wet- or ‚Äúwashed‚Äù-processed coffees. Naturals form the backbone of the Brazil coffee industry, but this lot reflects a particularly refined approach to the method. Soul Work Coffee focuses on sourcing exceptional coffees and meticulously roasting them for memorable sensory experiences. Visit www.soulworkcoffee.com for more information.'),
(296, 146, 93, '2024-05-18 00:00:00', 'This exceptional coffee was selected as the No. 26 coffee on¬†Coffee Review‚Äôs¬†list of the Top 30 Coffees of 2018. From the Tumba washing station or wet mill operated by Venustre Mugraneza. Produced from trees of the Jackson variety of arabica, a local strain of the admired Bourbon variety. Wet-processed or ‚Äúwashed,‚Äù meaning the fruit skin and pulp were removed from the beans immediately after harvesting ¬†Corvus Coffee Roasters is based in Denver, Colorado and specializes in rare and exclusive coffees from some of the finest growers in the world. Corvus particularly focuses on processing methods and selective harvesting, which result in small, seasonal micro-lots of uniquely sweet, vibrant, and clean flavor profiles. For more information, visit www.corvuscoffee.com.'),
(297, 147, 94, '2024-05-18 00:00:00', ' Produced in the Lintong region south of Lake Toba, one of the oldest and arguably the most admired of Sumatra growing regions. Coffees like this one from the northern part of the Indonesian island of Sumatra are valued for their complex earth and fruit notes that appear to result largely from unorthodox fruit removal and drying practices called ‚Äúwet-hulling.‚Äù Kakalove Caf√© is a nano-roaster located in the small city of Chia-Yi in Taiwan that strives to procure and roast the finest quality coffee. Visit www.kakalovecafe.com.tw or email [email¬†protected] for more information.'),
(298, 148, 93, '2024-05-18 00:00:00', ' Burundi is a small, landlocked country in the Great Lakes region of Central Africa. Most coffee is grown in the mountains of the north, bordering Rwanda. Benefiting from ideal growing conditions and large plantings of local strains of the heirloom Bourbon variety of Arabica, Burundi coffee has an excellent reputation, though it is better known in Europe than in the United States. This is a wet-processed or ‚Äúwashed‚Äù coffee, meaning the fruit skin and pulp were removed from the beans immediately after harvesting and before drying. The company name Amavida combines the Spanish words for love and life, reflecting Amavida‚Äôs multifaceted commitment to fairness and fine coffee. Visit www.amavida.com or call 850-213-1965 for more information.'),
(299, 149, 89, '2024-04-18 00:00:00', 'From Cenfrocafe Cooperative in northern Peru. Espresso Republic, founded in 2010, specializes in sourcing quality coffees and roasting them in small batches for both retail and wholesale customers. Visit www.espressorepublic.com for more information.');

-- --------------------------------------------------------

--
-- Table structure for table `roasters`
--

CREATE TABLE `roasters` (
  `roaster_id` bigint(20) NOT NULL,
  `roaster` text DEFAULT NULL,
  `country_id` bigint(20) DEFAULT NULL
) ENGINE=InnoDB DEFAULT CHARSET=utf8mb4 COLLATE=utf8mb4_general_ci;

--
-- Dumping data for table `roasters`
--

INSERT INTO `roasters` (`roaster_id`, `roaster`, `country_id`) VALUES
(0, 'A.R.C.', 0),
(1, 'Revel Coffee', 1),
(2, 'Roast House', 1),
(3, 'Big Creek Coffee Roasters', 1),
(4, 'Red Rooster Coffee Roaster', 1),
(5, 'Willoughby\'s Coffee & Tea', 1),
(6, 'Black Oak Coffee Roasters', 1),
(7, 'Wonderstate Coffee', 1),
(8, 'Reunion Island Coffee', 2),
(9, 'PT\'s Coffee Roasting', 1),
(10, 'Kakalove Cafe', 3),
(11, 'Level Ground Trading', 2),
(12, 'Old Soul Co.', 1),
(13, 'Bootstrap Coffee Roasters', 1),
(14, 'Paradise Roasters', 1),
(15, 'Hula Daddy Kona Coffee', 1),
(16, 'Jackrabbit Java', 1),
(17, 'Propeller Coffee', 2),
(18, 'Chocolate Fish Coffee Roasters', 1),
(19, 'Caffe Luxxe', 1),
(20, 'Espresso Republic', 1),
(21, 'Lexington Coffee Roasters', 1),
(22, 'Noble Coffee Roasting', 1),
(23, 'Red E Café', 1),
(24, 'Ben\'s Beans', 1),
(25, 'Speckled Ax', 1),
(26, 'Fumi Coffee', 3),
(27, 'Good Folks Coffee', 1),
(28, 'Flight Coffee Co.', 1),
(29, 'Dragonfly Coffee Roasters', 1),
(30, 'OQ Coffee Co.', 1),
(31, 'Green Stone Coffee', 3),
(32, 'Bird Rock Coffee Roasters', 1),
(33, 'Equator Coffees & Teas', 1),
(34, 'JBC Coffee Roasters', 1),
(35, 'Klatch Coffee', 1),
(36, 'Campos Coffee', 4),
(37, 'Ka\'u Specialty Coffee', 1),
(38, 'Simon Hsieh’s Aroma Roast Coffees', 3),
(39, 'Amavida Coffee Roasters', 1),
(40, 'Hala Tree Kona Coffee', 1),
(41, 'Barrington Coffee Roasting', 1),
(42, 'The WestBean Coffee Roasters', 1),
(43, 'Mystic Monk Coffee', 1),
(44, 'Good Chance Biotechnology, Ltd.', 3),
(45, 'Manzanita Roasting Company', 1),
(46, 'Temple Coffee and Tea', 1),
(47, 'Magnolia Coffee', 1),
(48, 'Charlotte Coffee Company', 1),
(49, 'Water Avenue Coffee', 1),
(50, 'Corvus Coffee Roasters', 1),
(51, 'Per\'la Specialty Roasters', 1),
(52, 'Durango Coffee Company', 1),
(53, 'Java Blend Coffee Roasters', 2),
(54, 'Big Shoulders Coffee', 1),
(55, 'Caffeic', 1),
(56, 'Grounds for Change', 1),
(57, 'Allegro Coffee', 1),
(58, 'Mr. Espresso', 1),
(59, 'Greater Goods Coffee Roasters', 1),
(60, 'Tico Coffee Roasters', 1),
(61, 'Cafe Douceur', 3),
(62, 'Roasters Note', 3),
(63, 'Evie\'s Cafe', 3),
(64, 'Hatch Coffee', 2),
(65, 'Soul Work Coffee', 1),
(66, 'Coffee Please', 3),
(67, 'Peri Coffee', 1),
(68, 'Montana Coffee Traders', 1),
(69, 'Moore Coffee', 1),
(70, 'Argyle Coffee Roasters', 1),
(71, 'Rusty\'s Hawaiian Coffee', 1),
(72, 'Bluebeard Coffee Roasters', 1),
(73, 'Creation Food Co.', 3),
(74, 'Conscious Cup Coffee Roasters', 1),
(75, 'Modern Times Coffee', 1),
(76, 'Direct Coffee', 3),
(77, 'Nook Bakery & Coffee Bar', 1),
(78, 'Novel Coffee Roasters', 1),
(79, 'Back Home Coffee', 3),
(80, 'Auto Coffee', 3),
(81, 'Aether Coffee', 1),
(82, 'The Curve Coffee Roasting Co.', 3),
(83, 'Mustard Seed Cafe', 3),
(84, 'Novo Coffee', 1),
(85, 'Oughtred Roasting Works', 2),
(86, 'Oceana Coffee', 1),
(87, 'Olympia Coffee Roasting', 1),
(88, 'Small Eyes Cafe', 3),
(89, 'Lin\'s Home Roasters', 3),
(90, 'Pop Coffee Works', 2),
(91, 'Barefoot Coffee Roasters', 1),
(92, 'Taokas Coffee', 3),
(93, 'States Coffee & Mercantile', 1),
(94, 'PT\'s Coffee Roasting Co.', 1),
(95, 'Crown & Fancy', 3),
(96, 'MoonMoon Coffee', 3),
(97, 'Difference Coffee', 5),
(98, 'Good Coffee Club', 1),
(99, 'Red Rock Roasters', 1),
(100, 'Evans Brothers Coffee Roasters', 1),
(101, 'Sweet Bloom Coffee Roasters', 1),
(102, 'Desert Sun Coffee Roasters', 1),
(103, 'Simon Hsieh\'s Aroma Roast Coffees', 3),
(104, '709 Boutique Coffee', 3),
(105, 'Vienna Coffee Company', 1),
(106, 'North Coast Coffee Roasting', 1),
(107, 'Steady State Roasting Company', 1),
(108, 'Branch Street Coffee Roasters', 1),
(109, 'Gorilla Conservation Coffee', 6),
(110, 'GK Coffee', 3),
(111, 'Augie\'s Coffee Roasters', 1),
(112, 'Hale Coffee Company', 2),
(113, 'Equator Coffees', 1),
(114, 'Ho Soo Tsai', 3),
(115, 'Joe Van Gogh Coffee', 1),
(116, 'Mi\'s Cafe', 3),
(117, 'Topeca Coffee Roasters', 1),
(118, 'Steadfast Coffee', 1),
(119, 'Broadsheet Coffee', 1),
(120, 'De Clieu Coffee', 3),
(121, 'Turnstile Coffee Roasters', 1),
(122, 'Blues Brew Coffee', 3),
(123, 'Doi Chaang Coffee', 2),
(124, 'Temple Coffee Roasters', 1),
(125, 'Choosy Gourmet', 3),
(126, 'Café Grumpy', 1),
(127, 'Kaffetre', 3),
(128, 'Thanksgiving Coffee Company', 1),
(129, 'Origin Coffee Roasters', 1),
(130, 'Speedwell Coffee', 1),
(131, 'Gracenote Coffee Roasters', 1),
(132, 'Tandem Coffee', 1),
(133, 'Vermont Artisan Coffee & Tea', 1),
(134, 'Plat Coffee Roastery', 0),
(135, 'Santos Coffee', 1),
(136, 'Peach Coffee Roasters', 1),
(137, 'Jampot Poorock Abbey', 1),
(138, 'Wild Goose Coffee Roasters', 1),
(139, 'The Curve Coffee Roasting', 3),
(140, 'Cafe Virtuoso', 1),
(141, 'Small Eyes Café', 3),
(142, 'Notch Coffee', 2),
(143, 'Giv COFFEE', 1),
(144, 'Big Island Coffee Roasters', 1),
(145, 'Nine Point Coffee', 3),
(146, 'Rusty\'s Hawaiian', 1),
(147, 'Three Chairs Specialty Turkish Coffee', 1),
(148, 'Greenwell Farms', 1),
(149, 'Beanfruit Coffee Co.', 1),
(150, 'Dou Zhai Coffee & Roast', 3),
(151, 'Baba Java Coffee', 1),
(152, 'DoDo Kaffa', 3),
(153, 'Dory Coffee Roasters', 3),
(154, 'SkyTop Coffee', 1),
(155, 'Collage Coffee', 1),
(156, 'Highwire Coffee Roasters', 1),
(157, 'Folly Coffee Roasters', 1),
(158, 'Kauai Coffee Company', 1),
(159, '94 Fresh Coffee', 3),
(160, 'Finca Las Nieves', 7),
(161, 'Pro Aroma Enterprise Coffee', 3),
(162, 'Good Chance Biotechnology', 3),
(163, 'Dinwei Cafe', 3),
(164, 'Deeper Roots Coffee', 1),
(165, 'Duluth Coffee', 1),
(166, 'Kakalove Café', 3),
(167, 'CafeTaster', 3),
(168, 'Mudhouse Coffee Roasters', 1),
(169, 'HWC Roasters', 3),
(170, 'Dante Coffee', 3),
(171, 'MJ Bear Coffee', 3),
(172, 'Foggy Hills Coffee Company', 1),
(173, 'Coffeebar', 1),
(174, 'Pedestrian Coffee', 1),
(175, 'Stereo Coffee Roasters', 2),
(176, 'Tehmag Foods Corporation', 3),
(177, 'Coava Coffee Roasters', 1),
(178, 'Lucky Cafe', 3),
(179, 'Hsus Cafe', 3),
(180, 'Cafe Grumpy', 1),
(181, 'South Slope Coffee Roasters', 1),
(182, 'Souvenir Coffee', 1),
(183, 'Q Burger', 3),
(184, '4 Plus Coffee', 3),
(185, 'Black & White Coffee Roasters', 1),
(186, 'Quartet Kaffe', 3),
(187, 'MK Coffee Roasters', 3),
(188, 'Wheelys Cafe Taiwan', 3),
(189, 'Chez Cafe', 3),
(190, 'San Francisco Bay Coffee', 1),
(191, 'Detour Coffee Roasters', 2),
(192, 'Open Seas Coffee', 1),
(193, 'Peet\'s Coffee', 1),
(194, 'Battlecreek Coffee Roasters', 1),
(195, 'Press House Coffee', 1),
(196, 'Guorizi Zhai Coffee', 3),
(197, 'Black Coffee In Black Jar', 3),
(198, 'Rotate Fun Club', 3),
(199, 'Larry\'s Coffee', 1),
(200, 'Allegro Coffee Roasters', 1),
(201, 'Cafe Femenino', 1),
(202, '3-19 Coffee', 1),
(203, 'Joe Van Gogh', 1),
(204, 'Signature Reserve', 1),
(205, 'Cameron’s Coffee', 1),
(206, 'HT Traders', 1),
(207, 'Eight O\'Clock Coffee', 1),
(208, 'Hill\'s Bros. Coffee', 1),
(209, 'Starbucks Coffee', 1),
(210, 'Euphora Coffee', 3),
(211, 'Cloud City Coffee', 1),
(212, 'Vascobelo', 8),
(213, 'Counter Culture Coffee', 1),
(214, 'Jampot Poorrock Abbey', 1),
(215, 'Telluride Coffee Roasters', 1),
(216, 'Kona Farm Direct', 1),
(217, 'Lone Coffee', 1),
(218, 'Indaba Coffee Roasters', 1),
(219, 'Fire Ridge Coffee', 1),
(220, 'Tony\'s Coffee', 1),
(221, 'Dapper & Wise', 1),
(222, 'Ghost Town Coffee Roasters', 1),
(223, 'BeanFruit Coffee Co.', 1),
(224, 'modcup coffee', 1),
(225, 'Kona Roasted', 1),
(226, 'Vennel Coffee', 3),
(227, 'Oak & Bond Coffee Company', 1),
(228, 'Mooju Coffee', 1),
(229, 'Fidalgo Coffee', 1),
(230, 'Rhetoric Coffee', 1),
(231, 'RamsHead Coffee Roasters', 1),
(232, 'Bonfire Coffee Company', 1),
(233, 'Atom Coffee Roasters', 3),
(234, 'RND & Red Rooster Coffee Roaster', 9),
(235, 'Wheelys Café Taiwan', 3),
(236, 'David\'s Nose', 3),
(237, 'Brain Helmet', 1),
(238, 'Atomic Coffee Roasters', 1),
(239, 'Cafe Arles', 3),
(240, 'Equiano Coffee', 1),
(241, 'Boon Boona Coffee', 1),
(242, 'BLK & Bold', 1),
(243, 'Dávila Kafe', 1),
(244, 'Merge Coffee Company', 1),
(245, 'Portrait Coffee', 1),
(246, 'Kahawa 1893', 1),
(247, 'Red Bay Coffee', 1),
(248, 'RND', 1),
(249, 'Southeastern Roastery', 1),
(250, 'Dr. Bean\'s Coffee Roasters', 1),
(251, 'Drink Coffee Do Stuff', 1),
(252, '421 Brew House', 2),
(253, 'Emiliani Coffee', 1),
(254, 'Triple Coffee Co.', 1),
(255, 'CofFeeling', 3),
(256, 'Peacock Coffee Roaster', 3),
(257, 'Lamppost Coffee Roasters', 1),
(258, 'Nostalgia Coffee Roasters', 1),
(259, 'Kaldi\'s Coffee', 1),
(260, 'Beachcomber Coffee', 2),
(261, 'States Coffee', 1),
(262, 'Rooster Roastery', 1),
(263, 'The Formosa Coffee', 1),
(264, 'Bona Kafo Roastery', 3),
(265, 'Miranda Farms', 1),
(266, 'Jaunt Coffee Roasters', 1),
(267, 'Steady State Roasting', 1),
(268, 'El Gran Café', 10),
(269, 'Tug Hill Artisan Roasters', 1),
(270, 'Three Keys Coffee', 1),
(271, 'Singsun Coffee', 3),
(272, 'MT49 Cafe', 3),
(273, 'El Gran Café ', 10),
(274, 'Bridge Coffee Co.', 1),
(275, 'Cafe Kreyol', 1),
(276, 'Simon Hsieh Aroma Roast Coffees', 3),
(277, 'Theory Coffee Roasters', 1),
(278, 'Sunny\'s Coffee', 11),
(279, 'Finca Tasta', 12),
(280, 'Normandy Coffee Thai Cuisine', 3),
(281, 'Red Bean Coffee', 3),
(282, 'NINETYs Roastery', 0),
(283, 'Kafe 1804', 1),
(284, 'Brioso Coffee', 1),
(285, 'Spirit Animal Coffee', 13),
(286, 'One Fresh Cup', 3),
(287, 'Prairie Lily Coffee', 2),
(288, 'RD Cafe', 3),
(289, 'Badbeard’s Microroastery', 1),
(290, 'Regent Coffee', 1),
(291, 'Old World Coffee Lab', 1),
(292, 'SOT Coffee Roaster', 11),
(293, 'Wildgoose Coffee Roasters', 1),
(294, 'Sip of Hope Community Coffee Roasters', 1),
(295, '1951 Coffee Company', 1),
(296, 'Lina Premium Coffee', 1),
(297, 'RanGuo Coffee', 3),
(298, 'Roadmap CoffeeWorks', 1),
(299, 'True Coffee Roasters', 1),
(300, 'Coffee By Design', 1),
(301, 'Islamorada Coffee Roasters', 1),
(302, 'Cheer Beans', 3),
(303, 'Jade Cafe', 3),
(304, 'Big Shoulders Coffee ', 1),
(305, 'Colibrije Specialty Coffee', 7),
(306, 'Desolate Cafe', 3),
(307, 'Geisha Coffee Roaster', 1),
(308, 'Café Hubert Saint-Jean', 2),
(309, 'Ming\'s Coffee Playroom', 3),
(310, 'Raggiana Coffee', 1),
(311, 'Pamma Coffee', 3),
(312, 'Volcanica Coffee', 1),
(313, 'Olympia Coffee', 1),
(314, 'Mamechamame Coffee', 11),
(315, 'Valverde Coffee Roasters', 1),
(316, 'Le Brewlife', 3),
(317, 'Rusty’s Hawaiian', 1),
(318, 'Forest Roasting', 3),
(319, 'Japanese Coffee Co.', 11),
(320, 'LECO Coffee', 3),
(321, 'EK Roast Studio', 3),
(322, 'Home in Harmony', 3),
(323, 'Toca Coffee', 1),
(324, 'Tribo Coffee', 3),
(325, 'Taster’s Coffee', 3),
(326, 'Warm Air Kafe', 3),
(327, 'Mr. Chao Coffee', 3),
(328, 'Novo Coffee Roasters', 1),
(329, 'Qin Mi Coffee', 3),
(330, 'Hidden Coffee HK', 0),
(331, 'Fresh Roasted Coffee', 1),
(332, 'Eagle Valley Coffee', 3),
(333, 'Metropolis Coffee', 1),
(334, 'Coffee by Design', 1),
(335, 'VN Beans', 1),
(336, 'Taster\'s Coffee', 3),
(337, 'Cafe Unido', 1),
(338, 'Port of Mokha', 1),
(339, 'Chromatic Coffee', 1),
(340, 'Qima Coffee', 5),
(341, 'Kona Love Coffee Co.', 1),
(342, 'Samlin Coffee', 3),
(343, 'Chu Bei', 14),
(344, 'Genesis Coffee Lab', 1),
(345, 'Omine Coffee', 3),
(346, 'T.S.E. Custom Roastery', 3),
(347, 'Café Chiayi J11', 3),
(348, 'King\'s Gambit Coffee', 1),
(349, 'PT’s Coffee Roasting Co.', 1),
(350, 'Mute Roaster', 14),
(351, 'El Gran Cafe', 10),
(352, 'Luv Moshi', 3),
(353, 'VERYTIME', 3),
(354, 'Evie’s Cafe', 3),
(355, 'Doho Coffee Roasters', 3),
(356, 'Folklore Coffee', 1),
(357, 'Flower Coffee Workshop', 3),
(358, 'Fumi Coffee Company', 3),
(359, 'Cafe Red Bean Shop', 3),
(360, 'Battlecreek Coffee', 1),
(361, 'St1 Cafe/Work Room', 3),
(362, 'Succulent Coffee Roasters', 1),
(363, 'Battle Creek Coffee Roasters', 1),
(364, 'A&E Coffee & Tea', 1),
(365, 'Satur Specialty Coffee', 3),
(366, 'Treeman Coffee', 3),
(367, 'Tipico Coffee', 1),
(368, 'Chaos Coffee Company', 1),
(369, 'Monarch Coffee', 1),
(370, 'Hey Brown', 3),
(371, 'Ba Yang Coffee', 3),
(372, 'Min Enjoy Cafe', 3),
(373, 'Temple Coffee', 1),
(374, 'Mostra Coffee', 1),
(375, 'Roadmap Coffeeworks', 15),
(376, 'Ramshead Coffee Roasters', 1),
(377, 'Cozy House Coffee', 3),
(378, 'Yellow Brick Coffee', 1),
(379, 'Spix\'s Cafe', 3),
(380, '1980 CAFE', 3),
(381, 'Kasasagi Coffee Roasters', 3),
(382, 'Hub Coffee Roasters', 1),
(383, 'Rusty Dog Coffee', 1),
(384, 'Felala Coffee Lab', 3),
(385, 'Buon Caffe', 3),
(386, 'Coffee Hound', 1),
(387, 'Handlebar Coffee', 1),
(388, 'The Reverse Orangutan', 1),
(389, 'Barrington Coffee Roasting Co.', 1),
(390, 'Madness Roastworks', 16),
(391, 'Dear John Coffee', 3),
(392, 'Cafe Fugu Roasters', 3),
(393, 'Trident Coffee', 1),
(394, 'Desolate Café', 3),
(395, 'Brand 425', 1),
(396, 'Per’la Specialty Roasters', 1),
(397, 'Cup to Cup Coffee Roasters', 1),
(398, 'Fieldheads Coffee Roasting', 1),
(399, 'Water Street Coffee', 1),
(400, 'Kona View Coffee', 1),
(401, 'inLove Cafe', 3),
(402, 'Muka Coffee', 3),
(403, 'Chousin Coffee Collection', 3),
(404, 'Vivid Coffee', 1),
(405, 'Press Coffee', 1),
(406, 'Golin Coffee Roasters', 3),
(407, 'The Angry Roaster', 2),
(408, 'AKA Coffee Roasters', 3),
(409, 'Bassline Coffee', 1),
(410, 'Blanchard\'s Coffee', 1),
(411, 'ILSE Coffee Roasters', 1),
(412, 'Rest Coffee Roasters', 17),
(413, 'Swelter Coffee', 1),
(414, 'Sightseer Coffee', 1),
(415, 'Bargain Cafe', 3),
(416, 'Rubasse Coffee Roaster', 3),
(417, 'Chiming Coffee', 3),
(418, 'JYL Cafe', 3),
(419, 'Balmy Day Coffee Office', 3),
(420, 'Dr. Young Cafe', 3),
(421, 'Euphora', 3),
(422, 'San Francisco Bay Coffee Company', 1),
(423, 'Durango Coffee Companuy', 1);

-- --------------------------------------------------------

--
-- Table structure for table `roasters_countries`
--

CREATE TABLE `roasters_countries` (
  `country_id` bigint(20) NOT NULL,
  `roaster_country` text DEFAULT NULL
) ENGINE=InnoDB DEFAULT CHARSET=utf8mb4 COLLATE=utf8mb4_general_ci;

--
-- Dumping data for table `roasters_countries`
--

INSERT INTO `roasters_countries` (`country_id`, `roaster_country`) VALUES
(0, 'Hong Kong'),
(1, 'United States'),
(2, 'Canada'),
(3, 'Taiwan'),
(4, 'Australia'),
(5, 'England'),
(6, 'Uganda'),
(7, 'Mexico'),
(8, 'Belgium'),
(9, 'United States And Floyd'),
(10, 'Guatemala'),
(11, 'Japan'),
(12, 'Peru'),
(13, 'Honduras'),
(14, 'China'),
(15, 'Kenya'),
(16, 'Malaysia'),
(17, 'New Taiwan');

-- --------------------------------------------------------

--
-- Table structure for table `roasts`
--

CREATE TABLE `roasts` (
  `roast_id` bigint(20) NOT NULL,
  `roast` text DEFAULT NULL
) ENGINE=InnoDB DEFAULT CHARSET=utf8mb4 COLLATE=utf8mb4_general_ci;

--
-- Dumping data for table `roasts`
--

INSERT INTO `roasts` (`roast_id`, `roast`) VALUES
(0, 'Medium-Light'),
(1, 'Medium'),
(2, 'Light'),
(3, 'Medium-Dark'),
(4, NULL),
(5, 'Dark');

--
-- Indexes for dumped tables
--

--
-- Indexes for table `products_beans`
--
ALTER TABLE `products_beans`
  ADD PRIMARY KEY (`products_beans_id`),
  ADD KEY `products_beans_products_beans_origins_FK` (`origin_id`),
  ADD KEY `products_beans_roasts_FK` (`roast_id`),
  ADD KEY `products_beans_roasters_FK` (`roaster_id`);

--
-- Indexes for table `products_beans_origins`
--
ALTER TABLE `products_beans_origins`
  ADD PRIMARY KEY (`origin_id`);

--
-- Indexes for table `products_beans_reviews`
--
ALTER TABLE `products_beans_reviews`
  ADD PRIMARY KEY (`products_beans_review_id`),
  ADD KEY `product_beans_reviews_products_beans_FK` (`products_beans_id`);

--
-- Indexes for table `roasters`
--
ALTER TABLE `roasters`
  ADD PRIMARY KEY (`roaster_id`),
  ADD KEY `roasters_roasters_countries_FK` (`country_id`);

--
-- Indexes for table `roasters_countries`
--
ALTER TABLE `roasters_countries`
  ADD PRIMARY KEY (`country_id`);

--
-- Indexes for table `roasts`
--
ALTER TABLE `roasts`
  ADD PRIMARY KEY (`roast_id`);

--
-- Constraints for dumped tables
--

--
-- Constraints for table `products_beans`
--
ALTER TABLE `products_beans`
  ADD CONSTRAINT `products_beans_products_beans_origins_FK` FOREIGN KEY (`origin_id`) REFERENCES `products_beans_origins` (`origin_id`),
  ADD CONSTRAINT `products_beans_roasters_FK` FOREIGN KEY (`roaster_id`) REFERENCES `roasters` (`roaster_id`),
  ADD CONSTRAINT `products_beans_roasts_FK` FOREIGN KEY (`roast_id`) REFERENCES `roasts` (`roast_id`);

--
-- Constraints for table `products_beans_reviews`
--
ALTER TABLE `products_beans_reviews`
  ADD CONSTRAINT `product_beans_reviews_products_beans_FK` FOREIGN KEY (`products_beans_id`) REFERENCES `products_beans` (`products_beans_id`);

--
-- Constraints for table `roasters`
--
ALTER TABLE `roasters`
  ADD CONSTRAINT `roasters_roasters_countries_FK` FOREIGN KEY (`country_id`) REFERENCES `roasters_countries` (`country_id`);
COMMIT;

/*!40101 SET CHARACTER_SET_CLIENT=@OLD_CHARACTER_SET_CLIENT */;
/*!40101 SET CHARACTER_SET_RESULTS=@OLD_CHARACTER_SET_RESULTS */;
/*!40101 SET COLLATION_CONNECTION=@OLD_COLLATION_CONNECTION */;
